,name,symbol
0,Bitcoin,BTC
1,Ethereum,ETH
2,Tether,USDT
3,Polkadot,DOT
4,XRP,XRP
5,Cardano,ADA
6,Chainlink,LINK
7,Litecoin,LTC
8,Bitcoin Cash,BCH
9,Binance Coin,BNB
10,Stellar,XLM
11,USD Coin,USDC
12,Uniswap,UNI
13,Wrapped Bitcoin,WBTC
14,Aave,AAVE
15,Bitcoin SV,BSV
16,Dogecoin,DOGE
17,EOS,EOS
18,Monero,XMR
19,Tezos,XTZ
20,TRON,TRX
21,NEM,XEM
22,THETA,THETA
23,Synthetix,SNX
24,VeChain,VET
25,Cosmos,ATOM
26,Dai,DAI
27,Crypto.com Coin,CRO
28,Neo,NEO
29,Maker,MKR
30,Binance USD,BUSD
31,UNUS SED LEO,LEO
32,Compound,COMP
33,Celsius,CEL
34,Huobi Token,HT
35,IOTA,MIOTA
36,SushiSwap,SUSHI
37,Dash,DASH
38,Filecoin,FIL
39,Solana,SOL
40,Revain,REV
41,Elrond,EGLD
42,FTX Token,FTT
43,Zcash,ZEC
44,Avalanche,AVAX
45,Kusama,KSM
46,yearn.finance,YFI
47,Ethereum Classic,ETC
48,Terra,LUNA
49,Decred,DCR
50,Zilliqa,ZIL
51,Algorand,ALGO
52,The Graph,GRT
53,Waves,WAVES
54,Hedera Hashgraph,HBAR
55,NEAR Protocol,NEAR
56,UMA,UMA
57,HedgeTrade,HEDG
58,Celo,CELO
59,Loopring,LRC
60,renBTC,RENBTC
61,SwissBorg,CHSB
62,Ren,REN
63,THORChain,RUNE
64,Nano,NANO
65,0x,ZRX
66,ICON,ICX
67,OMG Network,OMG
68,Basic Attention Token,BAT
69,HUSD,HUSD
70,Ontology,ONT
71,Curve DAO Token,CRV
72,Nexo,NEXO
73,TrueUSD,TUSD
74,Horizen,ZEN
75,DigiByte,DGB
76,BitTorrent,BTT
77,1inch,1INCH
78,OKB,OKB
79,Stacks,STX
80,Qtum,QTUM
81,Reserve Rights,RSR
82,Enjin Coin,ENJ
83,Quant,QNT
84,Alpha Finance Lab,ALPHA
85,IOST,IOST
86,NXM,NXM
87,Fantom,FTM
88,Siacoin,SC
89,Kyber Network,KNC
90,TerraUSD,UST
91,Decentraland,MANA
92,Paxos Standard,PAX
93,Energy Web Token,EWT
94,Ocean Protocol,OCEAN
95,Voyager Token,VGX
96,Bitcoin BEP2,BTCB
97,Bancor,BNT
98,Verge,XVG
99,Ampleforth,AMPL
100,Matic Network,MATIC
101,Arweave,AR
102,Augur,REP
103,Band Protocol,BAND
104,Bitcoin Gold,BTG
105,Gnosis,GNO
106,Flow (Dapper labs),FLOW
107,ABBC Coin,ABBC
108,Helium,HNT
109,Lisk,LSK
110,Status,SNT
111,Balancer,BAL
112,Theta Fuel,TFUEL
113,Aragon,ANT
114,MaidSafeCoin,MAID
115,PancakeSwap,CAKE
116,Ravencoin,RVN
117,Holo,HOT
118,ZB Token,ZB
119,Nervos Network,CKB
120,Injective Protocol,INJ
121,Bitcoin Diamond,BCD
122,Golem,GLM
123,Numeraire,NMR
124,RSK Infrastructure Framework,RIF
125,FunFair,FUN
126,Utrust,UTK
127,PAX Gold,PAXG
128,IoTeX,IOTX
129,Chiliz,CHZ
130,Kava.io,KAVA
131,Swipe,SXP
132,Pundi X,NPXS
133,MonaCoin,MONA
134,Orchid,OXT
135,Civic,CVC
136,TomoChain,TOMO
137,Unibright,UBT
138,iExec RLC,RLC
139,Serum,SRM
140,CyberVein,CVT
141,KuCoin Token,KCS
142,Storj,STORJ
143,Oasis Network,ROSE
144,Bytom,BTM
145,Velas,VLX
146,Ankr,ANKR
147,Secret,SCRT
148,Travala.com,AVA
149,WaykiChain,WICC
150,Syntropy,NOIA
151,Ardor,ARDR
152,aelf,ELF
153,Komodo,KMD
154,BitShares,BTS
155,Harmony,ONE
156,Steem,STEEM
157,JUST,JST
158,Kleros,PNK
159,Venus,XVS
160,Fetch.ai,FET
161,Mainframe,MFT
162,district0x,DNT
163,DxChain Token,DX
164,SingularityNET,AGI
165,Keep3rV1,KP3R
166,DFI.Money,YFII
167,Wanchain,WAN
168,IRISnet,IRIS
169,WAX,WAXP
170,Kin,KIN
171,Energi,NRG
172,Loom Network,LOOM
173,OriginTrail,TRAC
174,Morpheus.Network,MRPH
175,Populous,PPT
176,Syscoin,SYS
177,Tellor,TRB
178,LTO Network,LTO
179,xDai,STAKE
180,LBRY Credits,LBC
181,Stratis,STRAX
182,Hive,HIVE
183,Enzyme,MLN
184,Electroneum,ETN
185,DIA,DIA
186,Polymath,POLY
187,0Chain,ZCN
188,Ark,ARK
189,Akropolis,AKRO
190,Aidos Kuneen,ADK
191,Divi,DIVI
192,Firo,FIRO
193,bZx Protocol,BZRX
194,AdEx Network,ADX
195,STASIS EURO,EURS
196,Ultra,UOS
197,Power Ledger,POWR
198,Uquid Coin,UQC
199,SUN,SUN
200,Counos X,CCXX
201,HEX,HEX
202,INO COIN,INO
203,DeFiChain,DFI
204,Basid Coin,BASID
205,ThoreCoin,THR
206,Insight Chain,INB
207,IZE,IZE
208,Creditcoin,CTC
209,GNY,GNY
210,botXcoin,BOTX
211,DerivaDAO,DDX
212,Zelwin,ZLW
213,Bitcoin Cash ABC,BCHA
214,Cipher Core Token,CIPHC
215,Largo Coin,LRG
216,Huobi BTC,HBTC
217,Bitpanda Ecosystem Token,BEST
218,Bridge Oracle,BRG
219,Sologenic,SOLO
220,Doctors Coin,DRS
221,sUSD,SUSD
222,WhiteCoin,XWC
223,PARSIQ,PRQ
224,YUSRA,YUSRA
225,Metacoin,MTC
226,Keep Network,KEEP
227,Elitium,EUM
228,Bitball Treasure,BTRS
229,NewYork Exchange,NYE
230,Frax,FRAX
231,Strong,STRONG
232,Vitae,VITAE
233,Mobilian Coin,MBN
234,Perpetual Protocol,PERP
235,Neutrino USD,USDN
236,Bloomzed Loyalty Club Ticket,BLCT
237,MimbleWimbleCoin,MWC
238,Hegic,HEGIC
239,Venus BTC,vBTC
240,Mirror Protocol,MIR
241,Chimpion,BNANA
242,Venus BNB,vBNB
243,Wrapped BNB,WBNB
244,The Transfer Token,TTT
245,Idea Chain Coin,ICH
246,GreenPower,GRN
247,AllianceBlock,ALBT
248,Edgeware,EDG
249,TNC Coin,TNC
250,Empty Set Dollar,ESD
251,NuCypher,NU
252,Eauric,EAURIC
253,XeniosCoin,XNC
254,Livepeer,LPT
255,Darma Cash,DMCH
256,Hellenic Coin,HNC
257,SKALE Network,SKL
258,Massnet,MASS
259,Beldex,BDX
260,Trust Wallet Token,TWT
261,Rakon,RKN
262,XinFin Network,XDC
263,API3,API3
264,Mixin,XIN
265,Qcash,QC
266,NEST Protocol,NEST
267,Harvest Finance,FARM
268,ZKSwap,ZKS
269,MATH,MATH
270,Badger DAO,BADGER
271,Polkastarter,POLS
272,Folgory Coin,FLG
273,Sora,XOR
274,BitcoinPoS,BPS
275,Reef,REEF
276,AXEL,AXEL
277,Amp,AMP
278,The Sandbox,SAND
279,BarnBridge,BOND
280,RAMP,RAMP
281,Attila,ATT
282,Cashaa,CAS
283,CoinMetro Token,XCM
284,Rewardiqa,REW
285,Orion Protocol,ORN
286,MINDOL,MIN
287,Homeros,HMR
288,saffron.finance,SFI
289,Beefy.Finance,BIFI
290,Bithao,BHAO
291,Sport and Leisure,SNL
292,Akash Network,AKT
293,EFFORCE,WOZX
294,Waves Enterprise,WEST
295,Tokenlon Network Token,LON
296,Meta,MTA
297,Poseidon Network,QQQ
298,BTU Protocol,BTU
299,CryptalDash,CRD
300,KardiaChain,KAI
301,QuarkChain,QKC
302,Haven Protocol,XHV
303,Celer Network,CELR
304,Handshake ,HNS
305,Centrality,CENNZ
306,ChainX,PCX
307,Rocket Pool,RPL
308,TrustSwap,SWAP
309,cVault.finance,CORE
310,LGCY Network,LGCY
311,Streamr,DATA
312,MCO,MCO
313,Elastos,ELA
314,VeThor Token,VTHO
315,Darwinia Network,RING
316,GateToken,GT
317,Everipedia,IQ
318,TerraKRW,KRT
319,HARD Protocol,HARD
320,TROY,TROY
321,OctoFi,OCTO
322,Sapphire,SAPP
323,Orbit Chain,ORC
324,Counos Coin,CCA
325,Origin Protocol,OGN
326,Hxro,HXRO
327,Vai,VAI
328,Ferrum Network,FRM
329,NFTX,NFTX
330,Telcoin,TEL
331,Bluzelle,BLZ
332,mStable USD,MUSD
333,ReddCoin,RDD
334,BitMax Token,BTMX
335,SOLVE,SOLVE
336,stETH (Lido),STETH
337,Stakenet,XSN
338,SALT,SALT
339,ankrETH,aEth
340,Axie Infinity,AXS
341,Gifto,GTO
342,Linear,LINA
343,ShareToken,SHR
344,TitanSwap,TITAN
345,COTI,COTI
346,MX Token,MX
347,Phala.Network,PHA
348,MXC,MXC
349,Nimiq,NIM
350,Request,REQ
351,Aion,AION
352,Orbs,ORBS
353,CertiK,CTK
354,BASIC,BASIC
355,TrueFi,TRU
356,Bankera,BNK
357,v.systems,VSYS
358,Flamingo,FLM
359,DODO,DODO
360,Celo Dollar,CUSD
361,DigixDAO,DGD
362,HyperCash,HC
363,MANTRA DAO,OM
364,The Midas Touch Gold,TMTG
365,VIDT Datalink,VIDT
366,WINk,WIN
367,Whiteheart,WHITE
368,NULS,NULS
369,Bytecoin,BCN
370,Zenon,ZNN
371,STEM CELL COIN,SCC
372,Bounce Token,BOT
373,USDK,USDK
374,Venus USDT,vUSDT
375,Ignis,IGNIS
376,Thunder Token,TT
377,Super Zero Protocol,SERO
378,Beam,BEAM
379,ASTA,ASTA
380,Nexus,NXS
381,MVL,MVL
382,1irstcoin,FST
383,Cortex,CTXC
384,Ultiledger,ULT
385,Audius,AUDIO
386,Groestlcoin,GRS
387,Oxen,LOKI
388,Aeternity,AE
389,Metal,MTL
390,Switcheo,SWTH
391,DuckDaoDime,DDIM
392,Breezecoin,BRZE
393,USDX [Kava],USDX
394,Etherisc DIP Token,DIP
395,Robonomics.network,XRT
396,BORA,BORA
397,BOSAGORA,BOA
398,PIVX,PIVX
399,YF Link,YFL
400,Marlin,POND
401,Props Token,PROPS
402,Dent,DENT
403,Wirex Token,WXT
404,Pirate Chain,ARRR
405,WazirX,WRX
406,Veritaseum,VERI
407,COVER Protocol,COVER
408,Waltonchain,WTC
409,Unifi Protocol DAO,UNFI
410,ARPA Chain,ARPA
411,Lambda,LAMB
412,Quantum Resistant Ledger,QRL
413,Hermez Network,HEZ
414,Metronome,MET
415,Ergo,ERG
416,GXChain,GXC
417,Crypterium,CRPT
418,SUKU,SUKU
419,Cream Finance,CREAM
420,Bella Protocol,BEL
421,Ripio Credit Network,RCN
422,StormX,STMX
423,yOUcash,YOUC
424,IDEX,IDEX
425,Ducato Protocol Token,DUCATO
426,Cocos-BCX,COCOS
427,Crypto Village Accelerator,CVA
428,Nash Exchange,NEX
429,Standard Tokenization Protocol,STPT
430,Opium,OPIUM
431,Huobi Pool Token,HPT
432,Obyte,GBYTE
433,Grin,GRIN
434,Klever,KLV
435,Dynamic Trading Rights,DTR
436,AirSwap,AST
437,RChain,REV
438,Zap,ZAP
439,PEAKDEFI,PEAK
440,Neutrino Token,NSBT
441,REVV,REVV
442,Quantstamp,QSP
443,Metaverse Dualchain Network Architecture,DNA
444,BoringDAO,BOR
445,Bao Finance,BAO
446,Sentivate,SNTVT
447,Leverj Gluon,L2
448,Dusk Network,DUSK
449,Refereum,RFR
450,Nexalt,XLT
451,Presearch,PRE
452,Cindicator,CND
453,Perlin,PERL
454,Einsteinium,EMC2
455,DAD,DAD
456,QASH,QASH
457,12Ships,TSHP
458,Steem Dollars,SBD
459,Gas,GAS
460,dHedge DAO,DHT
461,Galatasaray Fan Token,GAL
462,Global Digital Content,GDC
463,Invictus Hyperion Fund,IHF
464,RSK Smart Bitcoin,RBTC
465,Constellation,DAG
466,Function X,FX
467,Gleec,GLEEC
468,SparkPoint,SRK
469,dForce,DF
470,Frontier,FRONT
471,Contentos,COS
472,Decentralized Vulnerability Platform,DVP
473,NKN,NKN
474,Growth DeFi,GRO
475,FC Barcelona Fan Token,BAR
476,Nebulas,NAS
477,StableXSwap,STAX
478,NerveNetwork,NVT
479,PowerPool,CVP
480,Infinity Esaham,INFS
481,Aavegotchi,GHST
482,Gemini Dollar,GUSD
483,VerusCoin,VRSC
484,WOM Protocol,WOM
485,Oraichain Token,ORAI
486,Zynecoin,ZYN
487,Dragonchain,DRGN
488,Prometeus,PROM
489,Aurora,AOA
490,DREP,DREP
491,reflect.finance,RFI
492,Navcoin,NAV
493,Newscrypto,NWC
494,Atomic Wallet Coin,AWC
495,Bonfida,FIDA
496,88mph,MPH
497,BigONE Token,ONE
498,FIO Protocol,FIO
499,AIDUS TOKEN,AIDUS
500,Xensor,XSR
501,PAC Global,PAC
502,DigitalBits,XDB
503,Meme,MEME
504,Neblio,NEBL
505,Measurable Data Token,MDT
506,USDJ,USDJ
507,Render Token,RNDR
508,CONTRACOIN,CTCN
509,YFDAI.FINANCE,YF-DAI
510,Chromia,CHR
511,AnimalGo,GOM2
512,Monolith,TKN
513,ERC20,ERC20
514,DMM: Governance,DMG
515,Universa,UTNP
516,Rally,RLY
517,Stafi,FIS
518,BitForex Token,BF
519,PRIZM,PZM
520,BitKan,KAN
521,Wing,WING
522,Endor Protocol,EDR
523,Dock,DOCK
524,Spendcoin,SPND
525,Carry,CRE
526,Lido DAO Token,LDO
527,BHPCoin,BHP
528,Spartan Protocol,SPARTA
529,Molecular Future,MOF
530,Factom,FCT
531,LATOKEN,LA
532,BitcoinHD,BHD
533,Beowulf,BWF
534,KeeperDAO,ROOK
535,Apollo Currency,APL
536,Humanscape,HUM
537,PLATINCOIN,PLC
538,Aergo,AERGO
539,Pickle Finance,PICKLE
540,OST,OST
541,NEXT,NET
542,QuadrantProtocol,EQUAD
543,SIRIN LABS Token,SRN
544,S4FE,S4F
545,Cartesi,CTSI
546,Aleph.im,ALEPH
547,King DAG,KDAG
548,Safex Token,SFT
549,MediBloc,MED
550,TrueChain,TRUE
551,KLAYswap Protocol,KSP
552,Anchor Neural World,ANW
553,DEXTools,DEXT
554,SpaceChain,SPC
555,IQeon,IQN
556,Atari Token,ATRI
557,DMarket,DMT
558,Rari Governance Token,RGT
559,Moeda Loyalty Points,MDA
560,Sentinel Protocol,UPP
561,Seigniorage Shares,SHARE
562,Project Pai,PAI
563,PowerTrade Fuel,PTF
564,Dynamic,DYN
565,Ubiq,UBQ
566,Venus LINK,vLINK
567,Vertcoin,VTC
568,Davinci Coin,DAC
569,Morpheus Labs,MITX
570,Bird.Money,BIRD
571,PlatonCoin,PLTC
572,Telos,TLOS
573,Bitcoin 2,BTC2
574,MiL.k,MLK
575,Phoenix Global,PHB
576,Sentinel,SENT
577,AGA Token,AGA
578,Namecoin,NMC
579,Nxt,NXT
580,Proton,XPR
581,Blocknet,BLOCK
582,Gala,GALA
583,Paris Saint-Germain Fan Token,PSG
584,Juventus Fan Token,JUV
585,MovieBloc,MBL
586,Metadium,META
587,ZBG Token,ZT
588,Emirex Token,EMRX
589,dKargo,DKA
590,DeXe,DEXE
591,Jewel,JWL
592,Selfkey,KEY
593,Tachyon Protocol,IPX
594,Bit-Z Token,BZ
595,Gem Exchange And Trading,GXT
596,Frax Share,FXS
597,VestChain,VEST
598,Genesis Vision,GVT
599,Anchor,ANCT
600,smARTOFGIVING,AOG
601,Arcblock,ABT
602,Veros,VRS
603,VITE,VITE
604,Venus LTC,vLTC
605,Maro,MARO
606,Archer DAO Governance Token,ARCH
607,Mithril,MITH
608,Kadena,KDA
609,Moss Coin,MOC
610,Raiden Network Token,RDN
611,Skycoin,SKY
612,CONUN,CON
613,Shopping,SPI
614,VNDC,VNDC
615,inSure DeFi,SURE
616,DOS Network,DOS
617,BIKI,BIKI
618,LockTrip,LOC
619,Peercoin,PPC
620,ForTube,FOR
621,Dawn Protocol,DAWN
622,Hashgard,GARD
623,Venus SXP,vSXP
624,Swerve,SWRV
625,LCX,LCX
626,Fusion,FSN
627,OAX,OAX
628,pNetwork,PNT
629,Ambrosus,AMB
630,HUNT,HUNT
631,ILCOIN,ILC
632,GoChain,GO
633,SaTT,SATT
634,VIDY,VIDY
635,Metaverse ETP,ETP
636,FirmaChain,FCT
637,SnowSwap,SNOW
638,Mysterium,MYST
639,LUKSO,LYXe
640,MahaDAO,MAHA
641,AEN Smart Token,AENS
642,Time New Bank,TNB
643,PCHAIN,PI
644,Ruff,RUFF
645,Kcash,KCASH
646,APY.Finance,APY
647,Yield Optimization Platform & Protocol,YOP
648,Spectre.ai Dividend Token,SXDT
649,DSLA Protocol,DSLA
650,STATERA,STA
651,AppCoins,APPC
652,TriumphX,TRIX
653,CoinEx Token,CET
654,eBitcoin,EBTC
655,Wowbit,WWB
656,Crust,CRU
657,CyberMiles,CMT
658,FIBOS,FO
659,Observer,OBSR
660,ECC,ECC
661,LinkEye,LET
662,AMO Coin,AMO
663,Content Value Network,CVNT
664,Wabi,WABI
665,GoCrypto Token,GOC
666,SpankChain,SPANK
667,Hacken Token,HAI
668,LikeCoin,LIKE
669,Prosper,PROS
670,#MetaHash,MHC
671,MAP Protocol,MAP
672,NuBits,USNBT
673,Polis,POLIS
674,Everus,EVR
675,Burger Swap,BURGER
676,Tap,XTP
677,BackPacker Coin,BPC
678,CUDOS,CUDOS
679,WePower,WPR
680,Quiztok,QTCON
681,FNB Protocol,FNB
682,PIXEL,PXL
683,TE-FOOD,TONE
684,Blockzero Labs,XIO
685,VideoCoin,VID
686,PieDAO DOUGH v2,DOUGH
687,Viacoin,VIA
688,PlayFuel,PLF
689,TrustVerse,TRV
690,Idle,IDLE
691,High Performance Blockchain,HPB
692,JustLiquidity,JUL
693,Olive,OLE
694,TokenClub,TCT
695,Free Tool Box Coin,FTB
696,Wagerr,WGR
697,Cryptocean,CRON
698,Effect.AI,EFX
699,Hakka.Finance,HAKKA
700,FOAM,FOAM
701,Kryll,KRL
702,TenX,PAY
703,Stake DAO,SDT
704,Origin Dollar,OUSD
705,VNX Exchange,VNXLU
706,Gulden,NLG
707,Aryacoin,AYA
708,ZEON,ZEON
709,Multiplier,MXX
710,Pillar,PLR
711,MixMarvel,MIX
712,Levolution,LEVL
713,Phantasma,SOUL
714,YIELD App,YLD
715,ThoreNext,THX
716,Alchemy Pay,ACH
717,Bread,BRD
718,CWV Chain,CWV
719,GameCredits,GAME
720,Cobak Token,CBK
721,Rubycoin,RBY
722,Minter Network,BIP
723,Everex,EVX
724,LiquidApps,DAPP
725,Nucleus Vision,NCASH
726,Elamachain,ELAMA
727,QuickX Protocol,QCX
728,Clams,CLAM
729,LGO Token,LGO
730,Kira Network,KEX
731,Tokamak Network,TON
732,Nestree,EGG
733,Dero,DERO
734,Achain,ACT
735,Mirrored Tesla,mTSLA
736,ARMOR,ARMOR
737,Realio Network,RIO
738,POA,POA
739,BIZZCOIN,BIZZ
740,APIX,APIX
741,Orient Walt,HTDF
742,Particl,PART
743,Wootrade,WOO
744,BTSE,BTSE
745,TRONCLASSIC,TRXC
746,Grid+,GRID
747,Seele-N,SEELE
748,Eminer,EM
749,Valobit,VBIT
750,Safe Haven,SHA
751,GeoDB,GEO
752,Mirrored Amazon,mAMZN
753,ELYSIA,EL
754,EUNO,EUNO
755,Propy,PRO
756,Lightning Bitcoin,LBTC
757,BuySell,BULL
758,SONM,SNM
759,Darwinia Commitment Token,KTON
760,Mirrored Apple,mAAPL
761,SwftCoin,SWFTC
762,Penta,PNT
763,Newton,NEW
764,Jibrel Network,JNT
765,YOYOW,YOYOW
766,Metrix Coin,MRX
767,Indexed Finance,NDX
768,Hedget,HGET
769,PANTHEON X,XPN
770,USDQ,USDQ
771,DragonVein,DVC
772,Covesting,COV
773,Atletico De Madrid Fan Token,ATM
774,Aitra,AITRA
775,Tokenomy,TEN
776,VIBE,VIBE
777,INLOCK,ILK
778,Mirrored Netflix,mNFLX
779,BitMart Token,BMX
780,TOP,TOP
781,Mettalex,MTLX
782,UCA Coin,UCA
783,Auctus,AUC
784,Aragon Court,ANJ
785,Voise,VOISE
786,Blox,CDT
787,Geeq,GEEQ
788,SunContract,SNC
789,Trittium,TRTT
790,Mirrored iShares Silver Trust,mSLV
791,ZClassic,ZCL
792,DeFi Yield Protocol,DYP
793,ROOBEE,ROOBEE
794,Level01,LVX
795,Shift,SHIFT
796,Agrello,DLT
797,SymVerse,SYM
798,BLOCKv,VEE
799,StakeCubeCoin,SCC
800,42-coin,42
801,Peculium,PCL
802,VeriBlock,VBK
803,SmartCash,SMART
804,Flash,FLASH
805,Mirrored iShares Gold Trust,mIAU
806,AS Roma Fan Token,ASR
807,Monero Classic,XMC
808,CryptoPing,PING
809,Hubii Network,HBT
810,HOLD,HOLD
811,Cardstack,CARD
812,UniLend,UFT
813,PlayChip,PLA
814,Esportbits,HLT
815,FABRK,FAB
816,Bibox Token,BIX
817,Burst,BURST
818,TEMCO,TEMCO
819,ProximaX,XPX
820,Mobius,MOBI
821,DEAPcoin,DEP
822,NaPoleonX,NPX
823,WeShow Token,WET
824,RING X PLATFORM,RINGX
825,Mirrored Invesco QQQ Trust,mQQQ
826,Mirrored Microsoft,mMSFT
827,Etheroll,DICE
828,DigitalNote,XDN
829,ZIMBOCASH,ZASH
830,OG Fan Token,OG
831,Diamond,DMD
832,suterusu,SUTER
833,Fatcoin,FAT
834,Callisto Network,CLO
835,PumaPay,PMA
836,CUTcoin,CUT
837,United Traders Token,UTT
838,Counterparty,XCP
839,Dune Network,DUN
840,Blocery,BLY
841,Precium,PCM
842,DAOstack,GEN
843,Alpha Quark Token,AQT
844,MIR COIN,MIR
845,T.OS,TOSC
846,GAPS,GAP
847,Mirrored Alibaba,mBABA
848,Swingby,SWINGBY
849,BnkToTheFuture,BFT
850,Hydro Protocol,HOT
851,Ternio,TERN
852,Valor Token,VALOR
853,Santiment Network Token,SAN
854,bitCNY,BITCNY
855,FLETA,FLETA
856,Polyient Games Governance Token,PGT
857,Rarible,RARI
858,Mirrored Twitter,mTWTR
859,PolySwarm,NCT
860,GridCoin,GRC
861,Goldcoin,GLC
862,Digix Gold Token,DGX
863,Zano,ZANO
864,NIX,NIX
865,BitCore,BTX
866,All Sports,SOC
867,Digitex Token,DGTX
868,IoT Chain,ITC
869,Diamond Platform Token,DPT
870,QLC Chain,QLC
871,Safe,SAFE
872,Neumark,NEU
873,CargoX,CXO
874,DATA,DTA
875,Nexty,NTY
876,apM Coin,APM
877,EasyFi,EASY
878,Unitrade,TRADE
879,dForce USDx,USDX
880,Zenfuse,ZEFU
881,ColossusXT,COLX
882,Mirrored United States Oil Fund,mUSO
883,Trade Token X,TIOX
884,Casino Betting Coin,CBC
885,Rapidz,RPZX
886,Swace,SWACE
887,Dragon Coins,DRG
888,Noku,NOKU
889,Lykke,LKK
890,ODEM,ODE
891,fyeth.finance,YETH
892,Credits,CS
893,Nexxo,NEXXO
894,Cryptopay,CPAY
895,FinNexus,FNX
896,Tixl [NEW],TXL
897,GET Protocol,GET
898,NAGA,NGC
899,Blackmoon,BMC
900,Digital Asset Guarantee Token,DAGT
901,Dentacoin,DCN
902,Dollars,USDX
903,Hyprr (Howdoo),UDOO
904,qiibee,QBX
905,Jobchain,JOB
906,carVertical,CV
907,FREE Coin,FREE
908,Emercoin,EMC
909,OTOCASH,OTO
910,Viberate,VIB
911,Monetha,MTH
912,SENSO,SENSO
913,Benchmark Protocol,MARK
914,SIX,SIX
915,Tixl [old],MTXLT
916,Nsure.Network,NSURE
917,OpenDAO,OPEN
918,Block-Chain.com,BC
919,Pluton,PLU
920,DECOIN,DTEP
921,Thisoption,TONS
922,BlockStamp,BST
923,Offshift,XFT
924,BakeryToken,BAKE
925,Abyss,ABYSS
926,indaHash,IDH
927,Feathercoin,FTC
928,Inex Project,INEX
929,Remme,REM
930,BaaSid,BAAS
931,SingularDTV,SNGLS
932,BABB,BAX
933,Incent,INCNT
934,Game.com,GTC
935,GlobalBoost-Y,BSTY
936,Litecoin Cash,LCC
937,Qubitica,QBIT
938,ScPrime,SCP
939,Zel,ZEL
940,TronEuropeRewardCoin,TERC
941,SmartMesh,SMT
942,Myriad,XMY
943,DEJAVE,DJV
944,BitGreen,BITG
945,GHOSTPRISM,GHOST
946,Insights Network,INSTAR
947,TrueFeedBack,TFB
948,Dev Protocol,DEV
949,SmartCredit Token,SMARTCREDIT
950,SonoCoin,SONO
951,Traceability Chain,TAC
952,VeriDocGlobal,VDG
953,YOU COIN,YOU
954,Sense,SENSE
955,MediShares,MDS
956,TERA,TERA
957,Rupiah Token,IDRT
958,BOLT,BOLT
959,NewYorkCoin,NYC
960,Spiking,SPIKE
961,Qitmeer,PMEER
962,KIMCHI.finance,KIMCHI
963,CasinoCoin,CSC
964,Atlas Protocol,ATP
965,CPChain,CPC
966,SOMESING,SSX
967,BUX Token,BUX
968,OneRoot Network,RNT
969,Smartlands Network,SLT
970,Mooncoin,MOON
971,Bezant,BZNT
972,Robotina,ROX
973,Earneo,RNO
974,Lamden,TAU
975,XMax,XMX
976,Airbloc,ABL
977,Lition,LIT
978,Matrix AI Network,MAN
979,ToaCoin,TOA
980,HyperDAO,HDAO
981,e-Gulden,EFL
982,Minereum,MNE
983,MyWish,WISH
984,HYCON,HYC
985,Aeon,AEON
986,Epic Cash,EPIC
987,BIDR,BIDR
988,BitTube,TUBE
989,Multi Channel Influencer Creater Cloud Funding Platform,MCI
990,PotCoin,POT
991,Tripio,TRIO
992,Amon,AMN
993,Mirrored ProShares VIX,mVIXY
994,PIBBLE,PIB
995,Validity,VAL
996,UnlimitedIP,UIP
997,DEX,DEX
998,Genaro Network,GNX
999,HalalChain,HLC
1000,Graviocoin,GIO
1001,Jarvis Network,JRT
1002,VNT Chain,VNT
1003,Autonio,NIOX
1004,Lympo,LYM
1005,EXMO Coin,EXM
1006,Phore,PHR
1007,Idena,IDNA
1008,Bitrue Coin,BTR
1009,NextDAO,NAX
1010,ZeroSwap,ZEE
1011,Hyperion,HYN
1012,Caspian,CSP
1013,HTMLCOIN,HTML
1014,Quasarcoin,QAC
1015,PressOne,PRS
1016,Origo,OGO
1017,Tierion,TNT
1018,Egretia,EGT
1019,BlackCoin,BLK
1020,Parachute,PAR
1021,Blockmason Credit Protocol,BCPT
1022,EOSDT,EOSDT
1023,Restart Energy MWAT,MWAT
1024,VINchain,VIN
1025,DeepOnion,ONION
1026,ALQO,XLQ
1027,Wings,WINGS
1028,Midas,MIDAS
1029,Coineal Token,NEAL
1030,X-CASH,XCASH
1031,Dimecoin,DIME
1032,Smart MFG,MFG
1033,xRhodium,XRC
1034,Kingdom Game 4.0,KDG
1035,Quark,QRK
1036,Verasity,VRA
1037,IntelliShare,INE
1038,INT,INT
1039,UniLayer,LAYER
1040,nDEX,NDX
1041,DOC.COM,MTC
1042,XYO,XYO
1043,U Network,UUU
1044,Mallcoin,MLC
1045,CACHE Gold,CGT
1046,Nord Finance,NORD
1047,Anyswap,ANY
1048,Cloudbric,CLB
1049,KARMA,KARMA
1050,Royale Finance,ROYA
1051,ONOToken,ONOT
1052,AXPR,AXPR
1053,ArdCoin,ARDX
1054,AirWire,WIRE
1055,Holyheld,HOLY
1056,OKCash,OK
1057,Ormeus Cash,OMC
1058,Manna,MANNA
1059,Team Heretics Fan Token,TH
1060,Nuco.cloud,NCDT
1061,Xaurum,XAUR
1062,CryptoFranc,XCHF
1063,Banano,BAN
1064,LINA,LINA
1065,Parkgene,GENE
1066,UGAS,UGAS
1067,BarterTrade,BART
1068,NOW Token,NOW
1069,Omni,OMNI
1070,Cube,AUTO
1071,SynLev,SYN
1072,Global Social Chain,GSC
1073,Pundi X NEM,NPXSXEM
1074,Enigma,ENG
1075,Folder Protocol,FOL
1076,Couchain,COU
1077,Skrumble Network,SKM
1078,Blockchain Certified Data Token,BCDT
1079,DeepBrain Chain,DBC
1080,Chi Gastoken,CHI
1081,Global Cryptocurrency,GCC
1082,DeFinition,DZI
1083,Base Protocol,BASE
1084,NFTLootBox,LOOT
1085,Chrono.tech,TIME
1086,Rotharium,RTH
1087,Bismuth,BIS
1088,EOS Force,EOSC
1089,GMB,GMB
1090,Acute Angle Cloud,AAC
1091,OneLedger,OLT
1092,Stealth,XST
1093,Xfinance,XFI
1094,HitChain,HIT
1095,Sylo,SYLO
1096,Naka Bodhi Token,NBOT
1097,Nyzo,NYZO
1098,EZOOW,EZW
1099,Netbox Coin,NBX
1100,Ormeus Ecosystem,ECO
1101,Denarius,D
1102,PLANET,PLA
1103,NoLimitCoin,NLC2
1104,HOMIHELP,HOMI
1105,Crown,CRW
1106,Auroracoin,AUR
1107,Adshares,ADS
1108,FLO,FLO
1109,Raven Protocol,RAVEN
1110,Xaya,CHI
1111,Vipstar Coin,VIPS
1112,Ether-1,ETHO
1113,EXRNchain,EXRN
1114,Vexanium,VEX
1115,Stronghold Token,SHX
1116,DDKoin,DDK
1117,LINKA,LINKA
1118,VeriSafe,VSF
1119,Gene Source Code Chain,GENE
1120,Perth Mint Gold Token,PMGT
1121,Education Ecosystem,LEDU
1122,Decentrahub Coin,DCNTR
1123,Modern Investment Coin,MODIC
1124,0xBitcoin,0xBTC
1125,Bancacy,BNY
1126,Waves Community Token,WCT
1127,Wownero,WOW
1128,TENT,TENT
1129,Unification,FUND
1130,Xriba,XRA
1131,ODUWA,OWC
1132,AICHAIN,AIT
1133,MoonSwap,MOON
1134,RigoBlock,GRG
1135,Eureka Coin,ERK
1136,NativeCoin,N8V
1137,Kuai Token,KT
1138,EDUCare,EKT
1139,OceanEx Token,OCE
1140,Freeway Token,FWT
1141,PlotX,PLOT
1142,YEE,YEE
1143,VeriCoin,VRC
1144,1World,1WO
1145,Experty,EXY
1146,ZrCoin,ZRC
1147,iEthereum,IETH
1148,SAFE DEAL,SFD
1149,Isiklar Coin,ISIKC
1150,DAEX,DAX
1151,Aventus,AVT
1152,Odyssey,OCN
1153,Boolberry,BBR
1154,Meridian Network,LOCK
1155,WPP TOKEN,WPP
1156,Insight Protocol,INX
1157,Teloscoin,TELOS
1158,BitCapitalVendor,BCV
1159,Open Platform,OPEN
1160,MenaPay,MPAY
1161,xBTC,xBTC
1162,CanYaCoin,CAN
1163,IG Gold,IGG
1164,BitBall,BTB
1165,PhoenixDAO,PHNX
1166,QunQun,QUN
1167,8X8 PROTOCOL,EXE
1168,Hyve,HYVE
1169,BiFi,BIFI
1170,Vid,VI
1171,Renewable Electronic Energy Coin,REEC
1172,DAOBet,BET
1173,Cred,LBA
1174,WinStars.live,WNL
1175,Fyooz,FYZ
1176,DACSEE,DACS
1177,Carbon,CRBN
1178,Marscoin,MARS
1179,Hydro,HYDRO
1180,Merculet,MVP
1181,HiCoin,XHI
1182,Centaur,CNTR
1183,Litex,LXT
1184,Plair,PLA
1185,EDC Blockchain,EDC
1186,THEKEY,TKY
1187,PirateCash,PIRATE
1188,SINOVATE,SIN
1189,BLink,BLINK
1190,Iconic Token,ICNQ
1191,Ulord,UT
1192,Kambria,KAT
1193,ContentBox,BOX
1194,AMLT,AMLT
1195,Apollon Limassol,APL
1196,TransferCoin,TX
1197,Uniform Fiscal Object,UFO
1198,Footballcoin,XFC
1199,Swapcoinz,SPAZ
1200,Club Atletico Independiente,CAI
1201,Bitswift,BITS
1202,Pascal,PASC
1203,Tokes,TKS
1204,Ethereum Meta,ETHM
1205,Sphere,SPHR
1206,Bean Cash,BITB
1207,Primecoin,XPM
1208,Cornichon,CORN
1209,Heart Number,HTN
1210,Megacoin,MEC
1211,Swarm,SWM
1212,EOS TRUST,EOST
1213,Connectome,CNTM
1214,2key.network,2KEY
1215,ichi.farm,ICHI
1216,Zen Protocol,ZP
1217,LocalCoinSwap,LCS
1218,Bitcoin Private,BTCP
1219,Sapien,SPN
1220,Hiveterminal Token,HVN
1221,Scala,XLA
1222,OWNDATA,OWN
1223,PayPie,PPP
1224,DAPS Coin,DAPS
1225,Amoveo,VEO
1226,Lobstex,LOBS
1227,KuboCoin,KUBO
1228,Vites,VITES
1229,Curecoin,CURE
1230,PWR Coin,PWR
1231,Coinsbit Token,CNB
1232,Pantos,PAN
1233,Ixcoin,IXC
1234,Bitex Global XBX Coin,XBX
1235,ADAMANT Messenger,ADM
1236,Color Platform,CLR
1237,NuShares,NSR
1238,Asch,XAS
1239,Krios,GIG
1240,KnoxFS (new),KFX
1241,Safex Cash,SFX
1242,BOOM,BOOM
1243,Moneytoken,IMT
1244,Pawtocol,UPI
1245,Streamity,STM
1246,DiFy.Finance,YFIII
1247,CoTrader,COT
1248,CEEK VR,CEEK
1249,Blue Whale EXchange,BWX
1250,CVCoin,CVN
1251,Ycash,YEC
1252,Trias,TRY
1253,SolarCoin,SLR
1254,KickToken,KICK
1255,XTRABYTES,XBY
1256,Zero,ZER
1257,CoinPoker,CHP
1258,EveryCoin ,EVY
1259,Xeonbit,XNB
1260,Pinkcoin,PINK
1261,Bottos,BTO
1262,CloakCoin,CLOAK
1263,Enecuum,ENQ
1264,GHOST,GHOST
1265,PieDAO DEFI++,DEFI++
1266,Bitcoin Atom,BCA
1267,Internxt,INXT
1268,JUIICE,JUI
1269,TurtleCoin,TRTL
1270,LOLTOKEN,LOL
1271,OLXA,OLXA
1272,Japan Content Token,JCT
1273,Asian Fintech,AFIN
1274,SpectrumCash,XSM
1275,Upfiring,UFR
1276,Titan Coin,TTN
1277,CREA,CREA
1278,FujiCoin,FJC
1279,Vetri,VLD
1280,Infinitecoin,IFC
1281,BEPRO Network,BEPRO
1282,Moneynet,MNC
1283,Sumokoin,SUMO
1284,Rigel Finance,RIGEL
1285,QChi,QCH
1286,DeVault,DVT
1287,Open Predict Token,OPT
1288,MultiVAC,MTV
1289,Blue Protocol,BLUE
1290,DeFiner,FIN
1291,OIN Finance,OIN
1292,Databroker,DTX
1293,Node Runners,NDR
1294,Beaxy,BXY
1295,Veil,VEIL
1296,Nework,NKC
1297,HashBX ,HBX
1298,WeOwn,CHX
1299,LUXCoin,LUX
1300,Birake,BIR
1301,Neurotoken,NTK
1302,Circuits of Value,COVAL
1303,Opacity,OPCT
1304,Insureum,ISR
1305,4THPILLAR TECHNOLOGIES,FOUR
1306,Ixinium,XXA
1307,Defis Network,DFS
1308,BZEdge,BZE
1309,WebDollar,WEBD
1310,Bitcoin Confidential,BC
1311,Humaniq,HMQ
1312,CorionX,CORX
1313,Alias,ALIAS
1314,Tokoin,TOKO
1315,Ormeus Coin,ORMEUS
1316,Artfinity,AT
1317,ThreeFold,TFT
1318,Maincoin,MNC
1319,EBCoin,EBC
1320,Falcon Project,FNT
1321,Content Neutrality Network,CNN
1322,Eden,EDN
1323,HempCoin,THC
1324,Shard,SHARD
1325,FYDcoin,FYD
1326,Vidya,VIDYA
1327,KanadeCoin,KNDC
1328,Axis DeFi,AXIS
1329,TokenPay,TPAY
1330,Ethereum Stake,ETHYS
1331,Lightstreams,PHT
1332,Cryptaur,CPT
1333,Ravencoin Classic,RVC
1334,Max Property Group,MPG
1335,Bitcoin Plus,XBC
1336,ChatCoin,CHAT
1337,Keep4r,KP4R
1338,Ethverse,ETHV
1339,Fesschain,FESS
1340,Ethereum Yield,ETHY
1341,eXPerience Chain,XPC
1342,Juggernaut,JGN
1343,Bitgear,GEAR
1344,QANplatform,QARK
1345,Atmos,ATMOS
1346,Boosted Finance,BOOST
1347,Havy,HAVY
1348,Dracula Token,DRC
1349,Permission Coin,ASK
1350,Themis,GET
1351,CannabisCoin,CANN
1352,Pivot Token,PVT
1353,Crypton,CRP
1354,ALLY,ALY
1355,Cryptrust,CTRT
1356,TrueFlip,TFL
1357,I/O Coin,IOC
1358,Uptrennd,1UP
1359,Birdchain,BIRD
1360,ICE ROCK MINING,ROCK2
1361,Cajutel,CAJ
1362,Digital Gold,GOLD
1363,Playgroundz,IOG
1364,Sessia,KICKS
1365,Block-Logic,BLTG
1366,Okschain,OKS
1367,GAMB,GMB
1368,MintCoin,MINT
1369,ATLANT,ATL
1370,SafeCoin,SAFE
1371,Nuggets,NUG
1372,Evedo,EVED
1373,AI Doctor,AIDOC
1374,Patron,PAT
1375,Pirl,PIRL
1376,eosDAC,EOSDAC
1377,DexKit,KIT
1378,Social Send,SEND
1379,BQT,BQTX
1380,Friendz,FDZ
1381,BitScreener Token,BITX
1382,Woodcoin,LOG
1383,Cryptobuyer,XPT
1384,Change,CAG
1385,Winco,WCO
1386,0xcert,ZXC
1387,MobileGo,MGO
1388,Tidex Token,TDX
1389,Scry.info,DDD
1390,BOX Token,BOX
1391,PegNet,PEG
1392,Libertas Token,LIBERTAS
1393,BITTO,BITTO
1394,Small Love Potion,SLP
1395,Stox,STX
1396,SPINDLE,SPD
1397,BonusCloud,BXC
1398,Rise,RISE
1399,Liquidity Network,LQD
1400,Project WITH,WIKEN
1401,GeoCoin,GEO
1402,AceD,ACED
1403,HEROcoin,PLAY
1404,HEAT,HEAT
1405,Cappasity,CAPP
1406,Tendies,TEND
1407,Infinitus Token,INF
1408,Honest,HNST
1409,MonetaryUnit,MUE
1410,BOMB,BOMB
1411,Antiample,XAMP
1412,Stabilize,STBZ
1413,ethArt,ARTE
1414,Primas,PST
1415,Smartshare,SSP
1416,hybrix,HY
1417,Patientory,PTOY
1418,Meter Governance,MTRG
1419,SignatureChain,SIGN
1420,Qwertycoin,QWC
1421,WeTrust,TRST
1422,DubaiCoin,DBIX
1423,Auxilium,AUX
1424,SmileyCoin,SMLY
1425,BUZZCoin,BUZZ
1426,RMPL,RMPL
1427,Karbo,KRB
1428,CrowdWiz,WIZ
1429,YGGDRASH,YEED
1430,FlypMe,FYP
1431,Origin Sport,ORS
1432,Pakcoin,PAK
1433,Thugs Finance,THUGS
1434,USDX [Lighthouse],USDX
1435,Peerplays,PPY
1436,ZumCoin,ZUM
1437,AudioCoin,ADC
1438,Snetwork,SNET
1439,AmonD,AMON
1440,Cashbery Coin,CBC
1441,Lunes,LUNES
1442,Expanse,EXP
1443,Medicalchain,MTN
1444,Fountain,FTN
1445,Xiotri,XIOT
1446,The ChampCoin,TCC
1447,ZENZO,ZNZ
1448,TouchCon,TOC
1449,adbank,ADB
1450,Alphacat,ACAT
1451,Mcashchain,MCASH
1452,Substratum,SUB
1453,Catex Token,CATT
1454,ZCore,ZCR
1455,Power Index Pool Token,PIPT
1456,ATN,ATN
1457,Curio,CUR
1458,Blocktix,TIX
1459,Stably USD,USDS
1460,DEXA COIN,DEXA
1461,Datum,DAT
1462,Lead Wallet,LEAD
1463,Banca,BANCA
1464,Azbit,AZ
1465,VIG,VIG
1466,Shadow Token,SHDW
1467,Add.xyz,PLT
1468,NFX Coin,NFXC
1469,Pigeoncoin,PGN
1470,SynchroBitcoin,SNB
1471,Debitum,DEB
1472,RealTract,RET
1473,GoldenPyrex,GPYX
1474,IHT Real Estate Protocol,IHT
1475,Tolar,TOL
1476,HOQU,HQX
1477,PetroDollar,XPD
1478,BitcoinZ,BTCZ
1479,ASKO,ASKO
1480,NeoWorld Cash,NASH
1481,Pylon Network,PYLNT
1482,Matryx,MTX
1483,LanaCoin,LANA
1484,AstroTools,ASTRO
1485,MARK.SPACE,MRK
1486,Mercury,MER
1487,Ink Protocol,XNK
1488,LunchMoney,LMY
1489,Zebi Token,ZEBI
1490,TON Token,TON
1491,TrezarCoin,TZC
1492,Cosmo Coin,COSM
1493,uPlexa,UPX
1494,SoMee.Social,ONG
1495,Dovu,DOV
1496,Phantasma Energy,KCAL
1497,VegaWallet Token,VGW
1498,Thrive Token,THRT
1499,ParkinGo,GOT
1500,GokuMarket Credit,GMC
1501,Master Contract Token,MCT
1502,LYNC Network,LYNC
1503,Insolar,XNS
1504,Bittwatt,BWT
1505,Fortuna,FOTA
1506,BOScoin,BOS
1507,FansTime,FTI
1508,SBank,STS
1509,Bounty0x,BNTY
1510,Digital Insurance Token,DIT
1511,EchoLink,EKO
1512,REAL,REAL
1513,Orbitcoin,ORB
1514,XcelToken Plus,XLAB
1515,MintMe.com Coin,MINTME
1516,Golos Blockchain,GLS
1517,SIBCoin,SIB
1518,Dether,DTH
1519,nYFI,N0031
1520,Rivetz,RVT
1521,DogeCash,DOGEC
1522,Sharder,SS
1523,Membrana,MBN
1524,iDealCash,DEAL
1525,Typerium,TYPE
1526,Freicoin,FRC
1527,TurtleNetwork,TN
1528,HyperExchange,HX
1529,DecentBet,DBET
1530,Gravity,GZRO
1531,NPCoin,NPC
1532,DECENT,DCT
1533,BitNewChain,BTN
1534,COVA,COVA
1535,NeuroChain,NCC
1536,CoinDeal Token,CDL
1537,StrongHands,SHND
1538,ExclusiveCoin,EXCL
1539,GoWithMi,GMAT
1540,Tornado,TCORE
1541,VikkyToken,VIKKY
1542,Bitblocks,BBK
1543,Primalbase Token,PBT
1544,Electra,ECA
1545,Alpha Token,A
1546,MEXC Token,MEXC
1547,Limitless VIP,VIP
1548,FintruX Network,FTX
1549,Rate3,RTE
1550,Solaris,XLR
1551,Ubex,UBEX
1552,ATC Coin,ATCC
1553,Posscoin,POSS
1554,DeFi Bids,BID
1555,Hi Mutual Society,HMC
1556,BeatzCoin,BTZC
1557,Photon,PHO
1558,Bridge Protocol,BRDG
1559,Trollcoin,TROLL
1560,ESBC,ESBC
1561,Crypto Sports,CSPN
1562,ZeuxCoin,ZUC
1563,Castweet,CTT
1564,ECOSC,ECU
1565,AMATEN,AMA
1566,Hashshare,HSS
1567,RED,RED
1568,Beer Money,BEER
1569,Yap Stone,YAP
1570,Zippie,ZIPT
1571,STK,STK
1572,UpToken,UP
1573,Rapids,RPD
1574,X8X Token,X8X
1575,PUBLISH,NEWS
1576,Edgeless,EDG
1577,EtherGem,EGEM
1578,Bitsdaq,BQQQ
1579,Coinlancer,CL
1580,Pizza,PIZZA
1581,Datamine,DAM
1582,TigerCash,TCH
1583,Transcodium,TNS
1584,pEOS,PEOS
1585,Spectre.ai Utility Token,SXUT
1586,Maverick Chain,MVC
1587,Merebel,MERI
1588,extraDNA,XDNA
1589,Conceal,CCX
1590,AidCoin,AID
1591,Lisk Machine Learning,LML
1592,Terracoin,TRC
1593,FUTURAX,FTXT
1594,NEXT.coin,NEXT
1595,Po.et,POE
1596,ChessCoin,CHESS
1597,ShipChain,SHIP
1598,CRDT,CRDT
1599,DAV Coin,DAV
1600,Jarvis+,JAR
1601,ChartEx,CHART
1602,Indorse Token,IND
1603,Startcoin,START
1604,Beetle Coin,BEET
1605,Zennies,ZENI
1606,TraDove B2BCoin,BBC
1607,WinCash,WCC
1608,SophiaTX,SPHTX
1609,Era Swap,ES
1610,Phoenixcoin,PXC
1611,Fire Lotto,FLOT
1612,FLIP,FLP
1613,Jetcoin,JET
1614,Sakura Bloom,SKB
1615,Electrify.Asia,ELEC
1616,MIB Coin,MIB
1617,SovranoCoin,SVR
1618,DopeCoin,DOPE
1619,ZPER,ZPR
1620,OracleChain,OCT
1621,BonFi,BNF
1622,Bonpay,BON
1623,HelloGold,HGT
1624,AllSafe,ASAFE
1625,MEET.ONE,MEETONE
1626,IXT,IXT
1627,IGToken,IG
1628,Decentralized Machine Learning,DML
1629,Kuverit,KUV
1630,Kuende,KUE
1631,Bob's Repair,BOB
1632,On.Live,ONL
1633,FedoraCoin,TIPS
1634,Ethereum Gold,ETG
1635,Ubricoin,UBN
1636,Starbase,STAR
1637,CustomContractNetwork,CCN
1638,Ink,INK
1639,Essentia,ESS
1640,SwiftCash,SWIFT
1641,Arbidex,ABX
1642,Alt.Estate token,ALT
1643,Delphy,DPY
1644,PUBLYTO Token,PUB
1645,Switch,ESH
1646,POPCHAIN,PCH
1647,Lendingblock,LND
1648,BitDegree,BDG
1649,Lethean,LTHN
1650,Cubiex,CBIX
1651,Synergy,SNRG
1652,QUINADS,QUIN
1653,DPRating,RATING
1654,NANJCOIN,NANJ
1655,Flixxo,FLIXX
1656,PENG,PENG
1657,Faceter,FACE
1658,Pyrk,PYRK
1659,Pesetacoin,PTC
1660,adToken,ADT
1661,Leadcoin,LDC
1662,Sociall,SCL
1663,DATx,DATX
1664,Utrum,OOT
1665,ARAW,ARAW
1666,Tokenbox,TBX
1667,FortKnoxster,FKX
1668,Trinity Network Credit,TNC
1669,Zeusshield,ZSC
1670,Q DAO Governance token v1.0,QDAO
1671,Internet of People,IOP
1672,Bitstar,BITS
1673,Etherparty,FUEL
1674,DEEX,DEEX
1675,MoonTools,MOONS
1676,Lunyr,LUN
1677,TOKPIE,TKP
1678,Eristica,ERT
1679,The Currency Analytics,TCAT
1680,EventChain,EVC
1681,Webflix Token,WFX
1682,Ryo Currency,RYO
1683,Stipend,SPD
1684,LHT,LHT
1685,Masari,MSR
1686,BBSCoin,BBS
1687,Cryptonite,XCN
1688,SHPING,SHPING
1689,Fera,FERA
1690,Bezop,BEZ
1691,GoldMint,MNTP
1692,1Million Token,1MT
1693,Axe,AXE
1694,Apex,CPX
1695,Neuromorphic.io,NMP
1696,Maxcoin,MAX
1697,JustBet,WINR
1698,StarDEX,XSTAR
1699,BlitzPredict,XBP
1700,ZelaaPayAE,ZPAE
1701,Natmin Pure Escrow,NAT
1702,True Seigniorage Dollar,TSD
1703,MAX Exchange Token,MAX
1704,HashCoin,HSC
1705,Nasdacoin,NSD
1706,Nerva,XNV
1707,Memetic / PepeCoin,MEME
1708,Alchemint Standards,SDS
1709,MetaMorph,METM
1710,CaixaPay,CXP
1711,Energycoin,ENRG
1712,ImageCoin,IMG
1713,EXMR FDN,EXMR
1714,PTON,PTON
1715,AtromG8,AG8
1716,Vodi X,VDX
1717,CryptoCarbon,CCRB
1718,Graft,GRFT
1719,TrustDAO,TRUST
1720,GoByte,GBX
1721,MyBit,MYB
1722,x42 Protocol,X42
1723,ZUM TOKEN,ZUM
1724,BlueCoin,BLU
1725,IONChain,IONC
1726,BillionHappiness,BHC
1727,Bitether,BTR
1728,Hush,HUSH
1729,EnterCoin,ENTRC
1730,Scorum Coins,SCR
1731,eBoost,EBST
1732,Bidesk,BDK
1733,Sharpay,S
1734,Rebased,REB2
1735,Noir,NOR
1736,Swing,SWING
1737,ION,ION
1738,CoinFi,COFI
1739,SHAKE,SHAKE
1740,Ellaism,ELLA
1741,ROAD,ROAD
1742,2GIVE,2GIVE
1743,SafeInsure,SINS
1744,BiblePay,BBP
1745,MotaCoin,MOTA
1746,CyberFM,CYFM
1747,Rublix,RBLX
1748,Decentralized Crypto Token,DCTO
1749,Ether Zero,ETZ
1750,SHIELD,XSH
1751,Gems ,GEM
1752,Donu,DONU
1753,Playkey,PKT
1754,W Green Pay,WGP
1755,VouchForMe,IPL
1756,Actinium,ACM
1757,AC3,AC3
1758,imbrex,REX
1759,TENA,TENA
1760,PDATA,PDATA
1761,Opus,OPT
1762,Artis Turba,ARTIS
1763,CryptoAds Marketplace,CRAD
1764,Devery,EVE
1765,AAX Token,AAB
1766,TrueDeck,TDP
1767,Kobocoin,KOBO
1768,Escroco Emerald,ESCE
1769,PluraCoin,PLURA
1770,Helix,HLIX
1771,TerraCredit,CREDIT
1772,FirstCoin,FRST
1773,Cashhand,CHND
1774,ITO Utility Token,IUT
1775,Garlicoin,GRLC
1776,Bolivarcoin,BOLI
1777,Rotten,ROT
1778,AquariusCoin,ARCO
1779,MalwareChain,MALW
1780,Scrypta,LYRA
1781,HollyWoodCoin,HWC
1782,Fundamenta,FMTA
1783,YMPL,YMPL
1784,Storiqa,STQ
1785,PoSW Coin,POSW
1786,Commercium,CMM
1787,Neutron,NTRN
1788,PYRO Network,PYRO
1789,Zeepin,ZPT
1790,TagCoin,TAG
1791,Mining Core Coin,MCC
1792,Carboncoin,CARBON
1793,IQ.cash,IQ
1794,Feellike,FLL
1795,Advanced Technology Coin,ARC
1796,MODEL-X-coin,MODX
1797,Energo,TSL
1798,Rentberry,BERRY
1799,GoNetwork,GOT
1800,Qbao,QBT
1801,ParallelCoin,DUO
1802,Swarm City,SWT
1803,CommunityGeneration,CGEN
1804,FantasyGold,FGC
1805,CryptoVerificationCoin,CVCC
1806,Zilla,ZLA
1807,Sentinel Chain,SENC
1808,Cobinhood,COB
1809,TCASH,TCASH
1810,PAYCENT,PYN
1811,Swap,XWP
1812,Cryptojacks,CJ
1813,Centric Cash,CNS
1814,BidiPass,BDP
1815,TEAM (TokenStars),TEAM
1816,PolypuX,PUX
1817,Vidulum,VDL
1818,BTC Lite,BTCL
1819,Blockpass,PASS
1820,Vanilla Network,VNLA
1821,MicroMoney,AMM
1822,AiLink Token,ALI
1823,Coinsuper Ecosystem Network,CEN
1824,Insula,ISLA
1825,MesChain,MES
1826,MidasProtocol,MAS
1827,Bitcoin Token,BTCT
1828,Eroscoin,ERO
1829,Emerald Crypto,EMD
1830,vSlice,VSL
1831,Datawallet,DXT
1832,Profile Utility Token,PUT
1833,Doge Token,DOGET
1834,Bitcloud,BTDX
1835,Worldcore,WRC
1836,Netkoin,NTK
1837,Motocoin,MOTO
1838,Agora,VOTE
1839,Baguette Token,BGTT
1840,Aeron,ARNX
1841,Bitgesell,BGL
1842,PiplCoin,PIPL
1843,Semux,SEM
1844,CROAT,CROAT
1845,InvestDigital,IDT
1846,MorCrypto Coin,MOR
1847,Equal,EQL
1848,PopularCoin,POP
1849,FLUX,FLUX
1850,ZINC,ZINC
1851,Proton Token,PTT
1852,TrumpCoin,TRUMP
1853,Yocoin,YOC
1854,EtherInc,ETI
1855,WandX,WAND
1856,Opal,OPAL
1857,HeroNode,HER
1858,Bitnation,XPAT
1859,Bitcoin Incognito,XBI
1860,BitCash,BITC
1861,Bitcoin Free Cash,BFC
1862,CryptoSoul,SOUL
1863,Chronologic,DAY
1864,DeltaChain,DELTA
1865,CryptoBonusMiles,CBM
1866,Giant,GIC
1867,Mainstream For The Underground,MFTU
1868,BetterBetting,BETR
1869,Elysian,ELY
1870,Phoneum,PHT
1871,Universe,UNI
1872,SF Capital,SFCP
1873,MESEFA,SEFA
1874,OSA Token,OSA
1875,Bitcoin Zero,BZX
1876,PEPS Coin,PEPS
1877,Peet DeFi,PTE
1878,GCN Coin,GCN
1879,Cheesecoin,CHEESE
1880,wave edu coin,WEC
1881,Litecoin Plus,LCP
1882,GravityCoin,GXX
1883,Narrative,NRVE
1884,HorusPay,HORUS
1885,SkinCoin,SKIN
1886,MMOCoin,MMO
1887,BitSend,BSD
1888,HeartBout,HB
1889,Aditus,ADI
1890,Truegame,TGAME
1891,OptiToken,OPTI
1892,DABANKING,DAB
1893,Netrum,NTR
1894,Jupiter,JUP
1895,MFCoin,MFC
1896,Cyber Movie Chain,CMCT
1897,BitCoen,BEN
1898,Rupee,RUP
1899,Italian Lira,ITL
1900,RealChain,RCT
1901,SalmonSwap,SAL
1902,Zetacoin,ZET
1903,Bela,BELA
1904,VULCANO,VULC
1905,Bitradio,BRO
1906,YFFII Finance,YFFII
1907,EthereumX,ETX
1908,Simple Software Solutions,SSS
1909,Halving Token,HALV
1910,Gentarium,GTM
1911,Evil Coin,EVIL
1912,Ouroboros,OURO
1913,Bigbom,BBO
1914,Bitzeny,ZNY
1915,Elementeum,ELET
1916,GuccioneCoin,GCC
1917,PengolinCoin,PGO
1918,CryptoEnergy,CNRG
1919,Blur,BLUR
1920,Zloadr,ZDR
1921,Yearn Finance Bit,YFBT
1922,Zuflo Coin,ZFL
1923,Aigang,AIX
1924,Dynamite,DYNMT
1925,Niobium Coin,NBC
1926,yTSLA Finance,yTSLA
1927,Civitas,CIV
1928,Freyrchain,FREC
1929,ACE (TokenStars),ACE
1930,Squorum,SQR
1931,EvenCoin,EVN
1932,Adzcoin,ADZ
1933,Bitcoin CZ,BCZ
1934,LuckySevenToken,LST
1935,Ignition,IC
1936,InterValue,INVE
1937,InvestFeed,IFT
1938,Maecenas,ART
1939,Grimm,GRIMM
1940,Acoin,ACOIN
1941,FuzeX,FXT
1942,CoinUs,CNUS
1943,Waletoken,WTN
1944,Anoncoin,ANC
1945,ELTCOIN,ELTCOIN
1946,Digitalcoin,DGC
1947,Kurrent,KURT
1948,Thingschain,TIC
1949,SteepCoin,STEEP
1950,Paytomat,PTI
1951,STRAKS,STAK
1952,EveriToken,EVT
1953,Veles,VLS
1954,Rimbit,RBT
1955,Fox Trading,FOXT
1956,Taklimakan Network,TAN
1957,Spaceswap,MILK2
1958,Asura Coin,ASA
1959,WeBlock,WON
1960,YFIVE FINANCE,YFIVE
1961,ATBCoin,ATB
1962,Bionic,BNC
1963,BitRewards,BIT
1964,BitWhite,BTW
1965,Arionum,ARO
1966,Herbalist Token,HERB
1967,EUNOMIA,ENTS
1968,Innovative Bioresearch Coin,INNBC
1969,GoldFund,GFUN
1970,XGOX,XGOX
1971,BLAST,BLAST
1972,KekCoin,KEK
1973,Arion,ARION
1974,Peony,PNY
1975,Raise,RAISE
1976,Innova,INN
1977,Spectiv,SIG
1978,PlayGame,PXG
1979,Fiii,FIII
1980,BERNcash,BERN
1981,CBDAO,BREE
1982,Digiwage,WAGE
1983,Niobio Cash,NBR
1984,Matrexcoin,MAC
1985,Kind Ads Token,KIND
1986,Obee Network,OBEE
1987,MultiCoinCasino,MCC
1988,Crowd Machine,CMCT
1989,FSBT API Token,FSBT
1990,EDRCoin,EDRC
1991,Defis,XGM
1992,More Coin,MORE
1993,BoutsPro,BOUTS
1994,ETHplode,ETHPLO
1995,Biotron,BTRN
1996,Bitcoiin,B2G
1997,Business Credit Alliance Chain,BCAC
1998,FUZE Token,FUZE
1999,Monkey Project,MONK
2000,S.Finance,SFG
2001,Martkist,MARTK
2002,Eternity,ENT
2003,ShowHand,HAND
2004,Kush Finance,KSEED
2005,ImageCash,IMGC
2006,PureVidz,VIDZ
2007,Rubies,RBIES
2008,Omnitude,ECOM
2009,CPUchain,CPU
2010,Fivebalance,FBN
2011,Ratecoin,XRA
2012,Suretly,SUR
2013,Mchain,MAR
2014,Blocklancer,LNC
2015,PutinCoin,PUT
2016,FidexToken,FEX
2017,Ethereum Gold Project,ETGP
2018,VoteCoin,VOT
2019,TRAXIA,TM2
2020,GlobalToken,GLT
2021,MarteXcoin,MXT
2022,UNICORN Token,UNI
2023,Arepacoin,AREPA
2024,SmartCoin,SMC
2025,Impleum,IMPL
2026,DOGEFI,DOGEFI
2027,INDINODE,XIND
2028,BlockMesh,BMH
2029,Micromines,MICRO
2030,BitcoiNote,BTCN
2031,MojoCoin,MOJO
2032,StrongHands Masternode,SHMN
2033,ProxyNode,PRX
2034,Onix,ONX
2035,ICOBID,ICOB
2036,SparksPay,SPK
2037,Global Currency Reserve,GCR
2038,Digital Money Bits,DMB
2039,SuperCoin,SUPER
2040,Datarius Credit,DTRC
2041,Connect Coin,XCON
2042,Newton Coin Project,NCP
2043,ArbitrageCT,ARCT
2044,Italo,XTA
2045,DraftCoin,DFT
2046,Trexcoin,TREX
2047,Theresa May Coin,MAY
2048,PRiVCY,PRIV
2049,Fireball,FIRE
2050,SafeCapital,SCAP
2051,MedicCoin,MEDIC
2052,Jade Currency,JADE
2053,Universal Currency,UNIT
2054,Blockburn,BURN
2055,Kora Network Token,KNT
2056,Plus-Coin,NPLC
2057,INMAX,INX
2058,Celeum,CLX
2059,Sparkle Loyalty,SPRKL
2060,CryptoFlow,CFL
2061,Yield Stake Finance,YI12
2062,Bitcoin Interest,BCI
2063,DistX,DISTX
2064,Cream,CRM
2065,Joint Ventures,JOINT
2066,Apollon,XAP
2067,Payfair,PFR
2068,Zurcoin,ZUR
2069,Gossip Coin,GOSS
2070,X-Coin,XCO
2071,SnodeCoin,SND
2072,HyperQuant,HQT
2073,Privatix,PRIX
2074,BitMoney,BIT
2075,Arqma,ARQ
2076,BDCC Bitica COIN,BDCC
2077,StarterCoin,STAC
2078,SiaCashCoin,SCC
2079,Diligence,IRA
2080,Coin2.1,C2
2081,GoldBlocks,GB
2082,Centurion,CNT
2083,Mobile Crypto Pay Coin,MCPC
2084,Aeryus,AER
2085,Bata,BTA
2086,HashNet BitEco,HNB
2087,GeyserCoin,GSR
2088,Blakecoin,BLC
2089,KWHCoin,KWH
2090,Ultragate,ULG
2091,YENTEN,YTN
2092,MktCoin,MLM
2093,Unify,UNIFY
2094,noob.finance,$NOOB
2095,Yfscience,YFSI
2096,ZeusNetwork,ZEUS
2097,Webcoin,WEB
2098,EagleX,EGX
2099,BoatPilot Token,NAVY
2100,Tourist Token,TOTO
2101,Xuez,XUEZ
2102,PostCoin,POST
2103,ALL BEST ICO,ALLBI
2104,Zealium,NZL
2105,ParkByte,PKB
2106,Spectrum,SPT
2107,Netko,NETKO
2108,BitGuild PLAT,PLAT
2109,Thore Cash,TCH
2110,PayCoin,XPY
2111,Scanetchain,SWC
2112,ETHPlus,ETHP
2113,FuzzBalls,FUZZ
2114,Helex,HLX
2115,Zayedcoin,ZYD
2116,GoHelpFund,HELP
2117,Dreamcoin,DRM
2118,Kalkulus,KLKS
2119,Shivers,SHVR
2120,ROIyal Coin,ROCO
2121,Kemacoin,KEMA
2122,KUN,KUN
2123,Bitcoin Adult,BTAD
2124,SWYFT,SWYFTT
2125,Knekted,KNT
2126,Phantomx,PNX
2127,Neural Protocol,NRP
2128,AmsterdamCoin,AMS
2129,Exosis,EXO
2130,SCRIV NETWORK,SCRIV
2131,onLEXpa,onLEXpa
2132,UChain,UCN
2133,Nekonium,NUKO
2134,Magic Cube Coin,MCC
2135,SpreadCoin,SPR
2136,Klimatas,KTS
2137,Citadel,CTL
2138,Decentralized Asset Trading Platform,DATP
2139,SYB Coin,SYBC
2140,SpeedCash,SCS
2141,CaluraCoin,CLC
2142,HEIDI,HDI
2143,Galactrum,ORE
2144,Iridium,IRD
2145,APR Coin,APR
2146,Quantis Network,QUAN
2147,Datacoin,DTC
2148,Kabberry Coin,KKC
2149,Intelligent Trading Foundation,ITT
2150,GINcoin,GIN
2151,Flowchain,FLC
2152,Galilel,GALI
2153,WABnetwork,WAB
2154,Vivid Coin,VIVID
2155,MustangCoin,MST
2156,Akroma,AKA
2157,Hyper Speed Network,HSN
2158,Fantasy Sports,DFS
2159,Atheios,ATH
2160,Californium,CF
2161,High Voltage,HVCO
2162,CrevaCoin,CREVA
2163,iBTC,IBTC
2164,BLOC.MONEY,BLOC
2165,Zenswap Network Token,ZNT
2166,XDNA,XDNA
2167,Quebecoin,QBC
2168,GenesisX,XGS
2169,Save Environment Token,SET
2170,Guider,GDR
2171,SongCoin,SONG
2172,ARbit,ARB
2173,XMCT,XMCT
2174,Nyerium,NYEX
2175,Bitcoin 21,XBTC21
2176,Abitshadow Token,ABST
2177,Baz Token,BAZT
2178,Carebit,CARE
2179,Gold Poker,GPKR
2180,Cabbage,CAB
2181,Global Crypto Alliance,CALL
2182,CyberMusic,CYMT
2183,Electrum Dark,ELD
2184,Desire,DSR
2185,1X2 COIN,1X2
2186,Provoco Token,VOCO
2187,Litecred,LTCR
2188,IFX24,IFX24
2189,Bitcoin Classic,BXC
2190,Ccore,CCO
2191,BowsCoin,BSC
2192,Agrolot,AGLT
2193,4NEW,KWATT
2194,Eurocoin,EUC
2195,Paparazzi,PAZZI
2196,Bulleon,BUL
2197,BitcoinV,BTCV
2198,BoostCoin,BOST
2199,Beacon,BECN
2200,YoloCash,YLC
2201,ANON,ANON
2202,BriaCoin,BRIA
2203,XOVBank,XOV
2204,ebakus,EBK
2205,Luna Coin,LUNA
2206,DOWCOIN,DOW
2207,Prime-XI,PXI
2208,Compound Coin,COMP
2209,PlatinumBAR,XPTX
2210,TravelNote,TVNT
2211,Save and Gain,SANDG
2212,IBStoken,IBS
2213,Castle,CSTL
2214,Ether Kingdoms Token,IMP
2215,TajCoin,TAJ
2216,CCUniverse,UVU
2217,Streamit Coin,STREAM
2218,VectorAI,VEC2
2219,Dollarcoin,DLC
2220,iBank,IBANK
2221,SkyHub Coin,SHB
2222,BitCoal,COAL
2223,Coinonat,CXT
2224,PLNcoin,PLNC
2225,Bitvolt,VOLT
2226,DNotes,NOTE
2227,MDtoken,MDTK
2228,Ragnarok,RAGNA
2229,Qbic,QBIC
2230,Soverain,SOVE
2231,Alpha Coin,APC
2232,MoneroV ,XMV
2233,Comet,CMT
2234,Mirai,MRI
2235,JavaScript Token,JS
2236,Iconic,ICON
2237,Wild Beast Block,WBB
2238,CFun,CFUN
2239,Dash Green,DASHG
2240,Cannation,CNNC
2241,Paypex,PAYX
2242,Storeum,STO
2243,MiloCoin,MILO
2244,Independent Money System,IMS
2245,Bitcoinus,BITS
2246,Crystal Token,CYL
2247,Veltor,VLT
2248,PosEx,PEX
2249,LiteCoin Ultra,LTCU
2250,SocialCoin,SOCC
2251,NevaCoin,NEVA
2252,SONO,SONO
2253,Abulaba,AAA
2254,Pamp Network,PAMP
2255,Silverway,SLV
2256,Dinero,DIN
2257,LitecoinToken,LTK
2258,PAXEX,PAXEX
2259,MoX,MOX
2260,Staker,STR
2261,Basis Cash,BAC
2262,Concoin,CONX
2263,MNPCoin,MNP
2264,KZ Cash,KZC
2265,Project-X,NANOX
2266,WXCOINS,WXC
2267,Benz,BENZ
2268,Money Plant Token,MPT
2269,Flit Token,FLT
2270,Stakinglab,LABX
2271,Argus,ARGUS
2272,Helpico,HELP
2273,PonziCoin,PONZI
2274,Nibble,NBXC
2275,Innovative Bioresearch Classic,INNBCL
2276,WETH,WETH
2277,Yobit Token,YO
2278,Beacon ETH,BETH
2279,Interest Bearing ETH,ibETH
2280,HollyGold,HGOLD
2281,Mdex,MDX
2282,Basis Gold Share,BAGS
2283,ETHUP,ETHUP
2284,YAMv2,YAMV2
2285,Pearl,PEARL
2286,STING,STN
2287,OKExChain,OKT
2288,SXPUP,SXPUP
2289,BTCDOWN,BTCDOWN
2290,Amun Bitcoin 3x Daily Long,BTC3L
2291,Amun Ether 3x Daily Long,ETH3L
2292,BTCUP,BTCUP
2293,Compound Dai,CDAI
2294,ETHDOWN,ETHDOWN
2295,Compound USD Coin,CUSDC
2296,Value Liquidity,VALUE
2297,Pokeball,POKE
2298,XTZUP,XTZUP
2299,Global Utility Smart Digital Token,GUSDT
2300,Poolz Finance,POOLZ
2301,Amun Ether 3x Daily Short,ETH3S
2302,UNIUP,UNIUP
2303,LINKUP,LINKUP
2304,Gera Coin,GERA
2305,DOTUP,DOTUP
2306,Amun Bitcoin 3x Daily Short,BTC3S
2307,SUSHIUP,SUSHIUP
2308,3X Long Ethereum Token,ETHBULL
2309,Bitcoin God,GOD
2310,SXPDOWN,SXPDOWN
2311,eToro Euro,EURX
2312,Klaytn,KLAY
2313,LTCUP,LTCUP
2314,DeFi Pulse Index,DPI
2315,POC Blockchain,POC
2316,CircleSwap,CIR
2317,Wifi Coin,WIFI
2318,Rubic,RBC
2319,XLMUP,XLMUP
2320,3X Long Bitcoin Token,BULL
2321,EduMetrix Coin,EMC
2322,PAID Network,PAID
2323,DigiFinexToken,DFT
2324,Ontology Gas,ONG
2325,Bitcoin Standard Hashrate Token,BTCST
2326,KittenFinance,KIF
2327,UNIDOWN,UNIDOWN
2328,OnX Finance,ONX
2329,New BitShares,NBS
2330,Dragon Token,DT
2331,GameStop tokenized stock FTX,GME
2332,KOK,KOK
2333,Bitcoin Vault,BTCV
2334,sBTC,SBTC
2335,ADAUP,ADAUP
2336,LINKDOWN,LINKDOWN
2337,Zero Exchange,ZERO
2338,AAVEUP,AAVEUP
2339,Golff,GOF
2340,Australian Dollar Token,AUDT
2341,YFIII,YFIII
2342,FinexboxToken,FNB
2343,Wise,WISE
2344,FairGame,FAIR
2345,eToro Pound Sterling,GBPX
2346,Jubi Token,JT
2347,Compound USDT,CUSDT
2348,Gold Coin Reserve,GCR
2349,MeconCash,MCH
2350,BKEX Token,BKK
2351,3X Short Bitcoin Token,BEAR
2352,Trabzonspor Fan Token,TRA
2353,XRPUP,XRPUP
2354,QUEENBEE,QBZ
2355,FUTUREXCRYPTO,FXC
2356,WEMIX,WEMIX
2357,Panda Yield,BAMBOO
2358,3X Short Ethereum Token,ETHBEAR
2359,PicaArtMoney,PICA
2360,Whole Network,NODE
2361,DOTDOWN,DOTDOWN
2362,Bifrost,BFC
2363,AAVEDOWN,AAVEDOWN
2364,AOS,AOS
2365,Terra Virtua Kolect,TVK
2366,YFIUP,YFIUP
2367,Loon Network,LOON
2368,MinePlex,PLEX
2369,TosDis,DIS
2370,bDollar,BDO
2371,Dego Finance,DEGO
2372,Brother Music Platform,BMP
2373,SocialGood,SG
2374,Mineral,MNR
2375,Dynamic Set Dollar,DSD
2376,Lien,LIEN
2377,3X Long Chainlink Token,LINKBULL
2378,Compound Wrapped BTC,CWBTC
2379,VEROX,VRX
2380,Golden Goose,GOLD
2381,DefiCliq,CLIQ
2382,UnFederalReserve,ERSDL
2383,3X Long Cardano Token,ADABULL
2384,Decentr,DEC
2385,MobileCoin,MOB
2386,Union Fair Coin,UFC
2387,XRPDOWN,XRPDOWN
2388,The Tokenized Bitcoin,imBTC
2389,PayProtocol,PCI
2390,MITH Cash,MIC
2391,Dvision Network,DVI
2392,YFIDOWN,YFIDOWN
2393,The Luxury Coin,TLB
2394,AMEPAY,AME
2395,DIGG,DIGG
2396,PolkaBridge,PBR
2397,UniCrypt,UNCX
2398,xFund,XFUND
2399,Basis Share,BAS
2400,Helmet.insure,HELMET
2401,Bit World Token,BWB
2402,Falconswap,FSW
2403,Ethereum Lightning,ETLT
2404,WaykiChain Governance Coin,WGRT
2405,Exeedme,XED
2406,ALP Coin,ALP
2407,Coinzo Token,CNZ
2408,ITAM Games,ITAM
2409,Mithril Share,MIS
2410,Misbloc,MSB
2411,Fisco Coin,FSCC
2412,Bitcoiva,BCA
2413,Rio DeFi,RFUEL
2414,bDollar Share,SBDO
2415,Yield,YLD
2416,LinkToken,LTK
2417,Conflux Network,CFX
2418,yAxis,YAX
2419,Insured Finance,INFI
2420,YfDFI Finance,YFD
2421,Consensus Cell Network,ECELL
2422,BUILD Finance,BUILD
2423,Polkacover,CVR
2424,XTZDOWN,XTZDOWN
2425,YAM v3,YAM
2426,GRAP,GRAP
2427,Mars Network,MARS
2428,Medium,MDM
2429,TRXUP,TRXUP
2430,UNION Protocol Governance Token,UNN
2431,Axion,AXN
2432,YFPRO Finance,YFPRO
2433,Lux Bio Cell,LBXC
2434,Furucombo,COMBO
2435,Radix,EXRD
2436,LTCDOWN,LTCDOWN
2437,King Swap,$KING
2438,Fromm Car,FCR
2439,UniversalEnergyChain,UENC
2440,Latamcash,LMCH
2441,Typhoon Cash,PHOON
2442,SmartKey,SKEY
2443,VARC,VARC
2444,Zoracles,ZORA
2445,SUP,SUP
2446,PlayDapp,PLA
2447,MobiePay,MBX
2448,HAPY Coin,HAPY
2449,BitDNS,DNS
2450,FolgoryUSD,USDF
2451,Tessla Coin,TSLA
2452,BiLira,TRYB
2453,Hathor,HTR
2454,Soda Coin,SOC
2455,3X Long Sushi Token,SUSHIBULL
2456,TON Crystal,TON
2457,Bilaxy Token,BIA
2458,Dfinity (IOU),ICP
2459,ORO,ORO
2460,Mars,Mars
2461,ADADOWN,ADADOWN
2462,Bitbot Protocol,BBP
2463,Capital.Finance,CAP
2464,Kaleido,KAL
2465,Kebab Token,KEBAB
2466,ARTH,ARTH
2467,FILUP,FILUP
2468,3X Long Dogecoin Token,DOGEBULL
2469,BitOnyx,BTNYX
2470,Crypto Holding Frank Token,CHFT
2471,Tcbcoin,TCFX
2472,Xstable.Protocol,XST
2473,Velo,VELO
2474,UniMex Network,UMX
2475,pBTC35A,pBTC35A
2476,Apiary Fund Coin,AFC
2477,BNBUP,BNBUP
2478,BSCEX,BSCX
2479,CNNS,CNNS
2480,BigBang Core,BBC
2481,Vectorspace AI,VXV
2482,Social Rocket,ROCKS
2483,Decentral Games,DG
2484,Compound 0x,CZRX
2485,XLMDOWN,XLMDOWN
2486,MixTrust,MXT
2487,Barkis Network,BKS
2488,Wrapped CrescoFin,wCRES
2489,ATTN,ATTN
2490,Bondly,BONDLY
2491,YottaChain,YTA
2492,Libartysharetoken,LST
2493,Zyro,ZYRO
2494,Themis,MIS
2495,Dextoken,DEXG
2496,RAKUN,RAKU
2497,Unicrypt,UNC
2498,UBU,UBU
2499,Daiquilibrium,DAIQ
2500,QuiverX,QRX
2501,JackPool.finance,JFI
2502,DigiCol,DGCL
2503,HBTC Captain Token,HBC
2504,PROXI,CREDIT
2505,CoFiX,COFI
2506,SpiderDAO,SPDR
2507,3x Long Litecoin Token,LTCBULL
2508,3X Short Dogecoin Token,DOGEBEAR
2509,MCDEX,MCB
2510,MOTIV Protocol,MOV
2511,COIN,$COIN
2512,3x Long EOS Token,EOSBULL
2513,XVIX,XVIX
2514,OASISBloc,OSB
2515,Proof Of Liquidity,POL
2516,LBK,LBK
2517,e-Money,NGM
2518,LinkArt,LAR
2519,ViteX Coin,VX
2520,Unit Protocol Duck,DUCK
2521,CoinHe Token,CHT
2522,Router Protocol,ROUTE
2523,Metis,MTS
2524,Bonded Finance,BOND
2525,THORChain (ERC20),RUNE
2526,DEUS Finance,DEUS
2527,UniDex,UNIDX
2528,3x Long Bitcoin SV Token,BSVBULL
2529,FINANCIAL INVESTMENT TOKEN,FIT
2530,Swapfolio,SWFL
2531,Buy-Sell,BSE
2532,AMC Entertainment Holdings tokenized stock FTX,AMC
2533,Gold BCR,GBCR
2534,Cometh,MUST
2535,Exchange Union,XUC
2536,3X Short Chainlink Token,LINKBEAR
2537,Brazilian Digital Token,BRZ
2538,Zero Collateral Dai,ZAI
2539,RedFOX Labs,RFOX
2540,Zeedex,ZDEX
2541,nHBTC,N0001
2542,All.me,ME
2543,Gasgains,GASG
2544,GrafSound,GSMT
2545,EOSDOWN,EOSDOWN
2546,One Cash,ONC
2547,Plasma Finance,PPAY
2548,7up Finance,7UP
2549,Chonk,CHONK
2550,Solomon Defi,SLM
2551,Tronx Coin,TRONX
2552,VKF Platform,VKF
2553,Duck DAO,DUCK
2554,Yfi.mobi,YFIM
2555,Bidao,BID
2556,Fire Protocol,FIRE
2557,ReapChain,REAP
2558,DXdao,DXD
2559,CY Finance,CYF
2560,Vox.Finance,VOX
2561,Upper Dollar,USDU
2562,tBTC,TBTC
2563,3X Long Matic Token,MATICBULL
2564,CyberFi Token,CFi
2565,IDK,IDK
2566,MilliMeter,MM
2567,Basis Gold,BAG
2568,Burency,BUY
2569,eToro New Zealand Dollar,NZDX
2570,Shroom.Finance,SHROOM
2571,3X Long Cosmos Token,ATOMBULL
2572,Echoin,EC
2573,Connect Financial,CNFI
2574,Sogur,SGR
2575,DMD,DMD
2576,BitUP Token,BUT
2577,Deflect,DEFLCT
2578,HRDCOIN,HRD
2579,Gameswap,GSWAP
2580,JulSwap,JULD
2581,Block Duelers NFT Battles,BDT
2582,QURAS,XQC
2583,Xrpalike Gene,XAG
2584,DMScript,DMST
2585,Firdaos,FDO
2586,Satopay Network,STOP
2587,Paypolitan Token,EPAN
2588,Blockchain Exchange Alliance,BXA
2589,Libfx,LIBFX
2590,Upper Euro,EURU
2591,Handy,HANDY
2592,CEDARS,CEDS
2593,Glitch,GLCH
2594,One Share,ONS
2595,Debase,DEBASE
2596,TecraCoin,TCR
2597,Pteria,PTERIA
2598,YFTether,YFTE
2599,Lung Protocol,L2P
2600,Yuan Chain Coin,YCC
2601,Port of DeFi Network,PDF
2602,Elite Swap,ELT
2603,VinDax Coin,VD
2604,3x Long Bitcoin Cash Token,BCHBULL
2605,Kulupu,KLP
2606,Tesra,TSR
2607,ShineChain,SHE
2608,CSP DAO,NEBO
2609,Natus Vincere Fan Token,NAVI
2610,Yearn Finance Passive Income,YFPI
2611,Global Human Trust,GHT
2612,Rivex,RVX
2613,Young Boys Fan Token,YBO
2614,Yearn Classic Finance,EARN
2615,Puriever,PURE
2616,EA Token,EA
2617,MiniSwap,MINI
2618,BuildUp,BUP
2619,Assemble Protocol,ASM
2620,Binance VND,BVND
2621,JBOX,JBX
2622,Berry,BERRY
2623,Oracle System,ORC
2624,Mogu,MOGX
2625,Bankcoin,BANK
2626,Mantis,MNTIS
2627,AnRKey X,$ANRX
2628,STK Coin,STK
2629,Intelligent Investment Chain,IIC
2630,BSYS,BSYS
2631,Cap,CAP
2632,Upper Pound,GBPU
2633,Itchiro Games,JEM
2634,Black Diamond Rating,HZT
2635,Index Cooperative,INDEX
2636,Shardus,ULT
2637,Compound Basic Attention Token,CBAT
2638,IYF.finance,IYF
2639,Maxonrow,MXW
2640,Glox Finance,GLOX
2641,Ludos Protocol,LUD
2642,Unknown Fair Object,UFO
2643,Apple tokenized stock Bittrex,AAPL
2644,REALPAY,RAP
2645,FIRST INTERCHANGEABLE TOKEN,FIT
2646,Sperax,SPA
2647,CoinLoan,CLT
2648,Blockcloud,BLOC
2649,DEUS Finance DEA,DEA
2650,Cipher,CPR
2651,Deipool,DIP
2652,Swirge,SWG
2653,Baroin,BRI
2654,UNCL,UNCL
2655,Tether Gold,XAUT
2656,MiraQle,MQL
2657,1x Short Bitcoin Token,HEDGE
2658,OVR,OVR
2659,Dexfin,DXF
2660,BNS Token,BNS
2661,Blockchain Quotations Index Token,BQT
2662,YouLive Coin,UC
2663,Tokemon,TKMN
2664,Rootkit Finance,ROOT
2665,PayAccept,PAYT
2666,ProBit Token,PROB
2667,EIDOS,EIDOS
2668,Unique One,RARE
2669,Earn Defi Coin,EDC
2670,PayFrequent USD,PUSD
2671,Unifty,NIF
2672,Galaxy Pool Coin,GPO
2673,BlockNoteX,BNOX
2674,Engine,EGCC
2675,UniWorld,UNW
2676,Rake Finance,RAK
2677,Alpaca City,ALPA
2678,YVS.Finance,YVS
2679,Gather,GTH
2680,Ditto,DITTO
2681,sETH,SETH
2682,Sora Validator Token,VAL
2683,PHILLIPS PAY COIN,PPC
2684,ACryptoS,ACS
2685,Wrapped Celo,WCELO
2686,SOAR.FI,SOAR
2687,FastSwap,FAST
2688,Digital Reserve Currency,DRC
2689,BUMO,BU
2690,Alaya,ATP
2691,TOM Finance,TOM
2692,Cybereits,CRE
2693,Armor NXM,arNXM
2694,1X Short Ethereum Token,ETHHEDGE
2695,CryptoBank,CBANK
2696,Zugacoin,SZC
2697,XT.com Token,XT
2698,Dipper Network,DIP
2699,EMOGI Network,LOL
2700,My Crypto Play,MCP
2701,Coinbase Pre-IPO tokenized stock FTX,CBSE
2702,Tsunami finance,NAMI
2703,YAS,YAS
2704,Super Bitcoin,SBTC
2705,Monavale,MONA
2706,Imsmart,IMT
2707,Farmland Protocol,FAR
2708,Keep3r BSC Network,KP3RB
2709,YFi Management,YEFIM
2710,JUST NETWORK,JUS
2711,Starname,IOV
2712,Index Chain,IDX
2713,FOMPOUND,FOMP
2714,Student Coin,STC
2715,Doki Doki Finance,DOKI
2716,Basis Dollar,BSD
2717,Polkainsure Finance,PIS
2718,Unisocks,SOCKS
2719,3X Short Sushi Token,SUSHIBEAR
2720,Bitpower,BPP
2721,Shabu Shabu Finance,KOBE
2722,LCG,LCG
2723,Bispex,BPX
2724,DFOhub,BUIDL
2725,ModiHost,AIM
2726,MyToken,MT
2727,V-Dimension,VOLLAR
2728,Greenheart Punt,PUNT
2729,CheeseSwap,CHS
2730,Psychic,PSY
2731,Ethanol,ENOL
2732,CoinMeet,MEET
2733,BeeKan,BKBT
2734,3x Long Tezos Token,XTZBULL
2735,Trading Membership Community,TMC
2736,unilock.network,UNL
2737,UniFi Protocol,UP
2738,Balloon-X,BLX
2739,Auric Network,AUSCM
2740,BNBDOWN,BNBDOWN
2741,TOKOK,TOK
2742,DePay,DEPAY
2743,Basiscoin Share,BCS
2744,VROOMGO,VRGX
2745,YFII Gold,YFIIG
2746,Secret (ERC20),WSCRT
2747,Jinbi Token,JNB
2748,Promotion Coin,PC
2749,Bit Financial,BFC
2750,Yeld Finance,YELD
2751,The Hash Speed,THS
2752,BlackDragon,BDT
2753,Trade Butler Bot,TBB
2754,Cross Finance,CRP
2755,MangoChain,MGP
2756,SatoExchange Token,SATX
2757,Hintchain,HINT
2758,EduCoin,EDU
2759,1irstGold,1GOLD
2760,Pofid Dao,PFID
2761,WiBX,WBX
2762,WHALE,WHALE
2763,Nyan Finance,NYAN
2764,TopChain,TOPC
2765,Axial Entertainment Digital Asset,AXL
2766,Oikos,OKS
2767,Electric Vehicle Zone,EVZ
2768,Hydra,HYDRA
2769,MoneySwap,MSWAP
2770,Astosch,ATC
2771,3X Long Algorand Token,ALGOBULL
2772,3X Long TRX Token,TRXBULL
2773,B21 Invest,B21
2774,Lukki Operating Token,LOT
2775,ExNetwork Token,EXNT
2776,Gbrick,GBX
2777,DRC mobility,DRC
2778,HLand Token,HLAND
2779,KING OF DEFI,KODX
2780,APY Vision,VISION
2781,Natural Farm Union Protocol,NFUP
2782,3x Long XRP Token,XRPBULL
2783,Donut,DONUT
2784,MDUKEY,MDU
2785,r3fi.finance,R3FI
2786,CORN,CORN
2787,GALAXY NETWORK,GNC
2788,Tenet,TEN
2789,CSPC,CSPC
2790,Tesla tokenized stock Bittrex,TSLA
2791,Koinos,KOIN
2792,Sashimi,SASHIMI
2793,SparkPoint Fuel,SFUEL
2794,Unicap.finance,UCAP
2795,Banana.finance,BANANA
2796,3x Short EOS Token,EOSBEAR
2797,Dcoin Token,DT
2798,StaysBASE,SBS
2799,Liquidity Dividends Protocol,LID
2800,Mirrored Google,mGOOGL
2801,BITCOINHEDGE,BTCHG
2802,FRMx Token,FRMX
2803,YFOX FINANCE,YFOX
2804,Temtum,TEM
2805,3x Short XRP Token,XRPBEAR
2806,DefiBox,BOX
2807,Muse,MUSE
2808,ClinTex CTi,CTI
2809,BlackBerry tokenized stock FTX,BB
2810,Freecash,FCH
2811,Basis Dollar Share,BSDS
2812,DACC,DACC
2813,UTU Protocol,UTU
2814,Neeva Defi,NVA
2815,Tamy Token,TMT
2816,Governor DAO,GDAO
2817,Combo,COMB
2818,Dapp Token,DAPPT
2819,Predictz,PRDZ
2820,3x Short Litecoin Token,LTCBEAR
2821,UpBots,UBXT
2822,BitcoinX,BCX
2823,CAT.trade Protocol,CATX
2824,PegsShares,PEGS
2825,Komet,KOMET
2826,Buzzshow,GLDY
2827,Mandi Token,MANDI
2828,Adappter Token,ADP
2829,PRIA,PRIA
2830,United Bitcoin,UBTC
2831,Keysians Network,KEN
2832,TokenAsset,NTB
2833,SeChain,SNN
2834,ESR Coin,ESRC
2835,Passive Income,PSI
2836,BonezYard,BNZ
2837,JSB FOUNDATION,JSB
2838,3x Short Bitcoin SV Token,BSVBEAR
2839,PancakeBunny,BUNNY
2840,Hdac,HDAC
2841,Divert Finance,DEVE
2842,VersoView,VVT
2843,VidyX,VIDYX
2844,DxSale Network,SALE
2845,UltrAlpha,UAT
2846,Akropolis Delphi,ADEL
2847,DUO Network Token,DUO
2848,yffi finance,YFFI
2849,ETG Finance,ETGF
2850,Bananatok,BNA
2851,Interfinex,IFEX
2852,X-Block,IX
2853,Daikicoin,DIC
2854,GYSR,GYSR
2855,DoDreamChain,DRM
2856,PayYoda,YOT
2857,Treecle,TRCL
2858,Bitcoin File,BIFI
2859,Zer-Dex,ZDX
2860,Spice,SPICE
2861,Yearn Loans Finance,YLFI
2862,DTOP Token,DTOP
2863,PieDAO DEFI Large Cap,DEFI+L
2864,Wrapped Origin Axie,WOA
2865,Chainpay,CPAY
2866,KP2R.Network,KP2R
2867,Order of the Black Rose,OBR
2868,BlackPearl Token,BPLC
2869,Tesla tokenized stock FTX,TSLA
2870,Golden Token,GOLD
2871,SYNC Network,SYNC
2872,Defi Shopping Stake,DSS
2873,Receive Access Ecosystem,RAE
2874,Force For Fast,FFF
2875,fry.world,FRIES
2876,AC eXchange Token,ACXT
2877,DeltaHub Community,DHC
2878,YFIX Finance,YFIX
2879,Hybrid Bank Cash,HBC
2880,Ti-Value,TV
2881,Stobox Token,STBU
2882,Bonk,BONK
2883,Dymmax,DMX
2884,NanTrade,NAN
2885,Facebook tokenized stock Bittrex,FB
2886,Uniris,UCO
2887,Web Coin Pay,WEC
2888,Rozeus,ROZ
2889,KYSC Token,KYSC
2890,JD Coin,JDC
2891,intexcoin,INTX
2892,FME,FME
2893,TRXDOWN,TRXDOWN
2894,LYFE,LYFE
2895,NDN Link,NDN
2896,ISTARDUST,ISDT
2897,Katalyo,KTLYO
2898,ECOC Financial Growth,EFG
2899,Meter Stable,MTR
2900,3X Long Midcap Index Token,MIDBULL
2901,Markaccy,MKCY
2902,Limestone Network,LIMEX
2903,3X Long TomoChain Token,TOMOBULL
2904,4ART Coin,4ART
2905,Experty Wisdom Token,WIS
2906,CAPITAL X CELL,CXC
2907,Reserve,RSV
2908,pTokens BTC,PBTC
2909,Dark.Build,DARK
2910,N3RD Finance,N3RDz
2911,IterationSyndicate,ITS
2912,FunKeyPay,FNK
2913,Gstcoin,GST
2914,CURE Farm,CURE
2915,Betherchip,BEC
2916,BitoPro Exchange Token,BITO
2917,Square tokenized stock FTX,SQ
2918,Quantbook,QTBK
2919,Va Na Su,VNS
2920,OpenAlexa Protocol,OAP
2921,UBIX.Network,UBX
2922,Galaxy Wallet,GC
2923,Building Cities Beyond Blockchain,BCB
2924,Cryptochrome,CHM
2925,CashBackPro,CBP
2926,Goldblock,GBK
2927,Degov,DEGOV
2928,Mandala Exchange Token,MDX
2929,Global Gaming,GMNG
2930,LONG COIN,LONG
2931,Joys Digital,JOYS
2932,Yearn Finance DOT,YFDOT
2933,HubDao,HD
2934,Nilu,NILU
2935,Dark,D4RK
2936,bitCEO,BCEO
2937,Dogz,DOGZ
2938,TAI,TAI
2939,Grace Period Token,GPT
2940,Friends With Benefits,FWB
2941,Hiblocks,HIBS
2942,Almace Shards,ALMX
2943,renFIL,RENFIL
2944,NNB Token,NNB
2945,Buxcoin,BUX
2946,TEAL,TEAT
2947,FOCV,FOCV
2948,BitCherry,BCHC
2949,FNK wallet,FNK
2950,X Infinity,XIF
2951,DeFiPie,PIE
2952,Akoin,AKN
2953,Serum Ecosystem Token,SECO
2954,Bullswap Exchange,BVL
2955,DeFi Omega,DFIO
2956,XPToken.io,XPT
2957,Khipu Token,KIP
2958,IOEX,IOEX
2959,MGC Token,MGC
2960,ROONEX,RNX
2961,UniWhales,UWL
2962,Mochimo,MCM
2963,Zero Utility Token,ZUT
2964,MEX,MEX
2965,DOOS TOKEN,DOOS
2966,DeFiat,DFT
2967,yRise Finance,YRISE
2968,Tutor's Diary,TUDA
2969,DMme,DMME
2970,Securypto,SCU
2971,ValueChain,VLC
2972,Carrot,CRT
2973,BitDEFi,BFI
2974,LemoChain,LEMO
2975,Yearn Ecosystem Token Index,YETI
2976,Dragonbit,DRGB
2977,Rowan Token,RWN
2978,MDsquare,TMED
2979,YAM v1,YAM
2980,BSC FARM,BSC
2981,Morpher,MPH
2982,GOT Token,GOT
2983,ThingsOperatingSystem,TOS
2984,UNIFI DeFi,UNIFI
2985,Utopia Genesis Foundation,UOP
2986,UnityDAO,UTY
2987,Grayscale Bitcoin Trust tokenized stock FTX,GBTC
2988,Portion,PRT
2989,Ndau,NDAU
2990,FUD.finance,FUD
2991,Binance KRW,BKRW
2992,Sav3Token,SAV3
2993,Culture Ticket Chain,CTC
2994,BELIEVER,BLVR
2995,Cyclops Treasure,CYTR
2996,Ystar,YSR
2997,EarnBet,BET
2998,Camp,CAMP
2999,Tadpole Finance,TAD
3000,EtherBone,ETHBN
3001,COST COIN+,AKM
3002,FANBI TOKEN,FBT
3003,Portal,PORTAL
3004,Curate,XCUR
3005,AllWin DeFi,ALLWIN
3006,Ternio-ERC20,TERN
3007,Elxis,LEX
3008,JFIN,JFC
3009,FILDOWN,FILDOWN
3010,3x Short Bitcoin Cash Token,BCHBEAR
3011,MERCI,MERCI
3012,UCROWDME,UCM
3013,Chicken,KFC
3014,DefiDollar,DUSD
3015,Yearn Shark Finance,YSKF
3016,sKLAY,SKLAY
3017,LifetionCoin,LTP
3018,Nectar,NEC
3019,Blockmason Link,BLINK
3020,YearnAgnostic Finance,YFIAG
3021,"Money of Tomorrow, Today",MTTCOIN
3022,3X Long BNB Token,BNBBULL
3023,3X Short Cosmos Token,ATOMBEAR
3024,Globalvillage Ecosystem,GVE
3025,PIRANHAS,$PIR
3026,EOX,EOX
3027,STABLE ASSET,STA
3028,SIMBA Storage Token,SST
3029,Crypto Cricket Club,3Cs
3030,Krypton Galaxy Coin,KGC
3031,Axioms,AXI
3032,Narwhale.finance,NAWA
3033,Kauri,KAU
3034,3X Short Cardano Token,ADABEAR
3035,Earnbase,ENB
3036,Coral Swap,CORAL
3037,Roti Bank Coin,RBC
3038,Fridn,EFAR
3039,Based Money,$BASED
3040,PieDAO Balanced Crypto Pie,BCP
3041,QOOBER,QOOB
3042,CENTERCOIN,CENT
3043,Chain Games,CHAIN
3044,LEVELG,LEVELG
3045,Bincentive,BCNT
3046,Prophecy,PRY
3047,ARK Innovation ETF tokenized stock FTX,ARKK
3048,YFFS Finance,YFFS
3049,United Token,UTED
3050,Crypto Price Index,CPI
3051,DeFiSocial Gaming,DFSOCIAL
3052,DoYourTip,DYT
3053,Mazzuma,MAZ
3054,1x Long Bitcoin Implied Volatility Token,BVOL
3055,Future1coin,F1C
3056,D Community,DILI
3057,Trinity Protocol,TRI
3058,CITEX Token,CTT
3059,Wisdom Chain,WDC
3060,Nio tokenized stock FTX,NIO
3061,VELO Token,VLO
3062,TheOvOrideA,OVOA
3063,snglsDAO,SGT
3064,LIQUID,LIQUID
3065,Ludena Protocol,LDN
3066,ACoconut,AC
3067,EncrypGen,DNA
3068,ARCS,ARX
3069,Ztranzit Coin,ZTNZ
3070,Leading Coin 4 Entrepreneurs,LC4
3071,swiss.finance,SWISS
3072,bZx Vesting Token,VBZRX
3073,Stream Protocol,STPL
3074,Freight Trust & Clearing Network,EDI
3075,IDall,IDALL
3076,Gomics,GOM
3077,OneSwap DAO Token,ONES
3078,Multicoin,MTCN
3079,Moonday Finance,MOONDAY
3080,Lattice Token,LTX
3081,Bytus,BYTS
3082,Digex,DIGEX
3083,3X Long Ethereum Classic Token,ETCBULL
3084,CRYPTO20,C20
3085,Lottonation,LNT
3086,YUI Token,YUI
3087,Bali Coin,BALI
3088,Alibaba tokenized stock FTX,BABA
3089,ReFork,EFK
3090,Robonomics Web Services,RWS
3091,Basiscoin Cash,BCC
3092,Stacy,STACY
3093,REBIT,KEYT
3094,SEEN,SEEN
3095,Dice,DICE
3096,PeerEx,PERX
3097,Easticoin,ESTI
3098,SUP8EME,SUP8EME
3099,Apple Finance,APLP
3100,FLAMA,FMA
3101,KVI,KVI
3102,TideBit Token,TBT
3103,DefiDollar DAO,DFD
3104,Nyan V2,NYAN-2
3105,Reflector.Finance,RFCTR
3106,3X Short Algorand Token,ALGOBEAR
3107,3X Short Matic Token,MATICBEAR
3108,BNSD Finance,BNSD
3109,DeCash,DESH
3110,xscoin,XSC
3111,Jackpot,777
3112,Polybius,PLBT
3113,USDEX,USDEX
3114,OTCBTC Token,OTB
3115,WAXE,WAXE
3116,SWAG Finance,SWAG
3117,MIKS COIN,MIKS
3118,Rope,$ROPE
3119,BitcoinRegular,BTRL
3120,ZYX,ZYX
3121,CryptoKek,KEK
3122,LOA Protocol,LOA
3123,Waifu Token,WAIF
3124,NewsToken,NEWOS
3125,Simbcoin Swap,SMBSWAP
3126,Emanate,EMT
3127,Spockchain Network,SPOK
3128,Modex,MODEX
3129,LeLeFoodChain,LELE
3130,Apple tokenized stock FTX,AAPL
3131,PalletOne,PTN
3132,AK12,AK12
3133,Grom,GR
3134,Intelligence Quickly Chain,IQC
3135,CARAT,CARAT
3136,Prophet,PROPHET
3137,MM Token,MM
3138,Billibilli Inc tokenized stock FTX,BILI
3139,AgaveCoin,AGVC
3140,SimpleChain,SIMPLE
3141,BitCanna,BCNA
3142,PieDAO DEFI Small Cap,DEFI+S
3143,Flits,FLS
3144,CPUcoin,CPU
3145,Filenet,FN
3146,Unistake,UNISTAKE
3147,CHADS VC,CHADS
3148,Toshify.finance,YFT
3149,Bitsonic,BSC
3150,01coin,ZOC
3151,EYES Protocol,EYES
3152,AICON,AICO
3153,SPACE-iZ,SPIZ
3154,VeraOne,VRO
3155,DeFi Gold,DFGL
3156,Xank,XANK
3157,WHEN Token,WHEN
3158,Definex,DSWAP
3159,AGOV (ANSWER Governance),AGOV
3160,Davincij15 Token,DJ15
3161,Cryptoindex.com 100,CIX100
3162,Ulgen Hash Power,UHP
3163,SURF Finance,SURF
3164,ETF Dao,TFD
3165,eosBLACK,BLACK
3166,FOX Token,FOX
3167,3X Long Altcoin Index Token,ALTBULL
3168,DEONEX COIN,DON
3169,Etherpay,ETHPY
3170,WallStreet.Finance,WSF
3171,Skillchain,SKI
3172,WaterDrop,WDP
3173,Meter Governance mapped by Meter.io,eMTRG
3174,TUNE TOKEN,TUNE
3175,Trade.win,TWI
3176,RUSH,RUC
3177,Azuki,AZUKI
3178,QFinance,QFI
3179,QChi Chain,QHC
3180,DWS,DWS
3181,Bitsten Token,BST
3182,Tradebitpay,TBP
3183,Vinci,VINCI
3184,Love Coin,LOVE
3185,ASYAGRO,ASY
3186,Rank Token,RANK
3187,COIL,COIL
3188,HebeBlock,HEBE
3189,Talent Token,TTX
3190,DSYS,DSYS
3191,Bankcoin Reserve,BCR
3192,iOWN Token,iOWN
3193,KVANT,KVNT
3194,DefHold,DEFO
3195,ISALCOIN,ISAL
3196,Agoras Tokens,AGRS
3197,Mega Lottery Services Global,MLR
3198,Ziktalk,ZIK
3199,Aspire,ASP
3200,XDAG,XDAG
3201,Trendering,TRND
3202,OWL Token (StealthSwap),OWL
3203,Davies,DVS
3204,808TA,808TA
3205,Relevant,REL
3206,Excavo Finance,CAVO
3207,UnoSwap,UNOS
3208,Electra Protocol,XEP
3209,IDL Token,IDL
3210,3X Long Dragon Index Token,DRGNBULL
3211,Asian-African Capital Chain,ACC
3212,Dionpay,DION
3213,3X Long OKB Token,OKBBULL
3214,MileVerse,MVC
3215,zzz.finance v2,ZZZV2
3216,AurusGOLD,AWG
3217,Pollux Coin,POX
3218,TokenPocket,TPT
3219,STONK,STONK
3220,Emrals,EMRALS
3221,City Coin,CITY
3222,MEME CASH,MCH
3223,zHEGIC,ZHEGIC
3224,Coin Artist,COIN
3225,GM Holding,GM
3226,Hive Dollar,HBD
3227,Ultra Clear,UCR
3228,FANZY,FX1
3229,ECOChain,ECOC
3230,Advanced Internet Blocks,AIB
3231,YieldWars,WAR
3232,Everyonescrypto,EOC
3233,BitherCash,BICAS
3234,BenePit Protocol,BNP
3235,Delphi Chain Link,DCL
3236,NIX Bridge Token,NBT
3237,Wrapped Monero,WXMR
3238,STPAY,STP
3239,Tratok,TRAT
3240,Ubiner,UBIN
3241,XUSD Stable,XUSD
3242,Ecoreal Estate,ECOREAL
3243,RoboCalls,RC20
3244,Aureus Nummus Gold,ANG
3245,Xeonbit Token,XNS
3246,YFIDapp,YFID
3247,MicroBitcoin,MBC
3248,Equilibria,XEQ
3249,Bonorum,BONO
3250,Tacos,TACO
3251,Squirrel Finance,NUTS
3252,3X Long Shitcoin Index Token,BULLSHIT
3253,gAsp,GASP
3254,YFWorld,YFW
3255,Pixie Coin,PXC
3256,PUML Better Health,PUML
3257,VOMER,VMR
3258,Wrapped ZEC,WZEC
3259,KingMoney,KIM
3260,Arianee,ARIA20
3261,AmericanHorror.Finance,AHF
3262,Eight Hours,EHRT
3263,YFST.Protocol,YFST
3264,APEcoin,APE
3265,Consentium,CSM
3266,Yearn Land,YLAND
3267,KEY,KEY
3268,SaluS,SLS
3269,Hub - Human Trust Protocol,HUB
3270,3x Short Tezos Token,XTZBEAR
3271,yfBeta,YFBETA
3272,LinkCoin Token,LKN
3273,The global index chain,TGIC
3274,Non-Fungible Yearn,NFY
3275,Tribute,TRBT
3276,ENTONE,ENTONE
3277,Bestay,BSY
3278,IDCM Token,IT
3279,Big Bang Game Coin,BBGC
3280,Taxi,TAXI
3281,Bitalgo,ALG
3282,Yearn Finance Network,YFN
3283,Guapcoin,GUAP
3284,MediconnectUk,MEDI
3285,3X Short TRX Token,TRXBEAR
3286,YFISCURITY,YFIS
3287,Xdef Finance,XDEF2
3288,Defi,DEFI
3289,Dinastycoin,DCY
3290,Bone,BONE
3291,BPOP,BPOP
3292,Release Project,REL
3293,Cicoin,CICX
3294,cherry,CHERRY
3295,PrimeFinance,PFI
3296,ROCKI,ROCKS
3297,SPDR S&P 500 ETF tokenized stock FTX,SPY
3298,AGAr,AGAR
3299,Amazon tokenized stock Bittrex,AMZN
3300,TILWIKI,TLW
3301,Pledge Coin,PLG
3302,Coinwaycoin,CAN
3303,Wixlar,WIX
3304,LivenPay,LVN
3305,CloudCoin,CCE
3306,Trism,TRISM
3307,governance ZIL,GZIL
3308,YFI CREDITS GROUP,YFICG
3309,The LoveChain,LOV
3310,Braziliex Token,BRZX
3311,Essek Tov,ETO
3312,Lock3r Network,LK3R
3313,Taiwan Semiconductor Mfg tokenized stock FTX,TSM
3314,Fashion Coin,FSHN
3315,Blue Baikal,BBC
3316,DegenVC,DGVC
3317,Combine.finance,COMB
3318,PieDAO Yearn Ecosystem Pie,YPIE
3319,happy birthday coin,HBDC
3320,junca Cash,JCC
3321,Grain,GRAIN
3322,R34P,R34P
3323,YFIEXCHANGE.FINANCE,YFIE
3324,EurocoinToken,ECTE
3325,Yoink,YNK
3326,Bundles Finance,BUND
3327,Empow,EM
3328,Airbnb tokenized stock FTX,ABNB
3329,BeeEx,BEE
3330,Innovation Blockchain Payment,IBP
3331,WEBN token,WEBN
3332,3X Short TomoChain Token,TOMOBEAR
3333,Wrapped LEO,WLEO
3334,Lua Token,LUA
3335,Load Network,LOAD
3336,GoldFinX,GIX
3337,i9 Coin,I9C
3338,Buccaneer V2,BUCC
3339,GSENetwork,GSE
3340,YFIA,YFIA
3341,Facebook tokenized stock FTX,FB
3342,Vybe,VYBE
3343,NTON,NTON
3344,KONJUNGATE,KONJ
3345,Timers,IPM
3346,PlayAndLike,PAL
3347,Ecoin,ECOIN
3348,DGPayment,DGP
3349,UCX FOUNDATION,UCX
3350,Pfizer tokenized stock FTX,PFE
3351,YFMoonBeam,YFMB
3352,Giftedhands,GHD
3353,Asac Coin,ASAC
3354,Ethereum Vault,ETHV
3355,BIOKKOIN,BKKG
3356,Bitbook Gambling,BXK
3357,YFUEL,YFUEL
3358,Derivex,DVX
3359,TKN Token,TKNT
3360,Advanced Micro Devices tokenized stock FTX,AMD
3361,YMAX,YMAX
3362,DeFiato,DFO
3363,Yearn4 Finance,YF4
3364,Tepleton,TEP
3365,Amazon tokenized stock FTX,AMZN
3366,LimitSwap,LIMIT
3367,NEOBITCOIN,NBTC
3368,XSwap,XSP
3369,Medicalveda,MVEDA
3370,EcoG9coin,EGC
3371,Scifi Finance,SPICE
3372,Kompass,KOMP
3373,Fiola,FLA
3374,Refract,RFR
3375,Cofinex Coin,CNX
3376,Alchemy,ACOIN
3377,Wrapped Gen-0 CryptoKitties,WG0
3378,Alibaba tokenized stock Bittrex,BABA
3379,BuckHathCoin,BHIG
3380,MicroStrategy tokenized stock FTX,MSTR
3381,Google tokenized stock Bittrex,GOOGL
3382,AmazonasCoin,AMZ
3383,Cat Token,CAT
3384,Volts.Finance,VOLTS
3385,Global Game Coin,GGC
3386,Predix Network,PRDX
3387,SPDR S&P 500 ETF tokenized stock Bittrex,SPY
3388,MegaCryptoPolis,MEGA
3389,UniDollar,UNIUSD
3390,QUSD,QUSD
3391,Historia,HTA
3392,Pfizer tokenized stock Bittrex,PFE
3393,Crex Token,CREX
3394,dXIOT,DXIOT
3395,Inverse Bitcoin Volatility Token,IBVOL
3396,Beyond Meat tokenized stock FTX,BYND
3397,3X Long BitMax Token Token,BTMXBULL
3398,Opennity,OPNN
3399,Bat True Dollar,BTD
3400,Exchange Payment Coin,EXP
3401,Beyond Meat Inc tokenized stock Bittrex,BYND
3402,Hauteclere Shards,HAUT
3403,Google tokenized stock FTX,GOOGL
3404,The Hustle App,HUSL
3405,Qube,QUBE
3406,Wrapped Virgin Gen-0 CryptoKitties,WVG0
3407,CXN Network,CXN
3408,GermanCoin,GCX
3409,Tokens of Babel,TOB
3410,Eco Value Coin,EVC
3411,Infinity Economics,XIN
3412,Compound Augur,CREP
3413,McNetworkDefi,MCN
3414,Fiscus.fyi,FFYI
3415,ITEN,ITEN
3416,3X Short BNB Token,BNBBEAR
3417,Dequant,DEQ
3418,TokenBacon,BAK
3419,BlockCDN,BCDN
3420,pulltherug.finance,RUGZ
3421,RIFT Token,RIFT
3422,Yearn Secure,YSEC
3423,NVIDIA tokenized stock FTX,NVDA
3424,Nokencoin,NOKN
3425,Wiki Token,WIKI
3426,Bast,BAST
3427,TenUp,TUP
3428,Bankroll Vault,VLT
3429,Netflix tokenized stock Bittrex,NFLX
3430,weBloc,WOK
3431,YFED.Finance,YFED
3432,Uber tokenized stock FTX,UBER
3433,USDA,USDA
3434,PayPal tokenized stock FTX,PYPL
3435,Wrapped Conceal,WCCX
3436,GGDApp,GGTK
3437,Rivermount,RM
3438,Sergey Save Link,SSL
3439,Loanburst,Lburst
3440,DigiDinar Token,DDRT
3441,OceanChain,OC
3442,Documentchain,DMS
3443,Wallet Plus X,WPX
3444,Endorsit,EDS
3445,Golden Ratio Per Liquidity,GRPL
3446,WAV3,WAV3
3447,Blueshare Token,BST1
3448,Golden Ratio Coin,GOLDR
3449,Bitpumps Token,BPT
3450,Epanus,EPS
3451,Bit Trust System,BIUT
3452,POP Network Token,POP
3453,Terra SDT,SDT
3454,QUSD,QUSD
3455,Kryptofranc,KYF
3456,XFUEL,XFUEL
3457,Tchain,TCH
3458,3X Short Ethereum Classic Token,ETCBEAR
3459,Experience Token,EXT
3460,Native Utility Token,NUT
3461,Master Coin Point,MACPO
3462,Richlab Token,RLE
3463,Dfinance,XFI
3464,AVCCOIN,AVC
3465,DigiDinar,DDR
3466,NOIZ,NOIZ
3467,DeFi Insurance Protocol,DFIP
3468,BioNTech tokenized stock FTX,BNTX
3469,Bitpayer Token,BPT
3470,Moderna tokenized stock FTX,MRNA
3471,Xenon,XEN
3472,Bitgrin,XBG
3473,Adelphoi,ADL
3474,CORD.Finance,CORD
3475,7Eleven,7E
3476,French Digital Reserve,FDR
3477,ZenSports,SPORTS
3478,CryptoBharatCoin,CBC
3479,En-Tan-Mo,ETM
3480,Groovy Finance,GVY
3481,Zoom Protocol,ZOM
3482,PBS Chain,PBS
3483,SKINCHAIN,SKC
3484,THECASH,TCH
3485,Diffract Finance,DFR
3486,Aunite,AUNIT
3487,Marblecoin,MBC
3488,StellarPayGlobal,XLPG
3489,Eska,ESK
3490,WeSing Coin,WSC
3491,Definitex,DFX
3492,Torex,TOR
3493,Samurai,SAM
3494,Demeter Chain,DMTC
3495,Pluto,PLUT
3496,AurusCOIN,AWX
3497,Dextrust,DETS
3498,XTRM COIN,XTRM
3499,YFI3.money,YFI3
3500,Blood,BLOOD
3501,Maggie,MAG
3502,Five Star Coin,FSC
3503,Sombe,SBE
3504,DeFi Nation Signals DAO,DSD
3505,Diagon,DGN
3506,Hiz Finance,HIZ
3507,LegalBlock,LBK
3508,LUCY,LUCY
3509,Omega Protocol Money,OPM
3510,Freedom Reserve,FR
3511,Vanywhere,VANY
3512,FirstBlood,1ST
3513,Hithotx,HITX
3514,$YEET,YEET
3515,Electronero Pulse,ETNXP
3516,BAEPAY,BAEPAY
3517,SuperEdge,ECT
3518,LinkBased,LBD
3519,SERGS,SERGS
3520,Netflix tokenized stock FTX,NFLX
3521,ChallengeDac,CHL
3522,Schain Wallet,SCHA
3523,Yearn Finance Ecosystem,YFIEC
3524,Stellar Gold,XLMG
3525,Blurt,BLURT
3526,GLOBALTRUSTFUND TOKEN,GTF
3527,Altbet,ABET
3528,Fission Cash,FCX
3529,MTI Finance,MTI
3530,Infinite Ricks,RICK
3531,Billibilli tokenized stock Bittrex,BILI
3532,DotBased,xDOT
3533,MYX Network,MYX
3534,Yearn Finance Bit2,YFB2
3535,HeartBout Pay,HP
3536,THENODE,THE
3537,Yearn Finance Protocol,YFP
3538,MONNOS,MNS
3539,The Universal Settlement Coin,TUSC
3540,Boltt Coin ,BOLTT
3541,Volt,ACDC
3542,3X Long Huobi Token Token,HTBULL
3543,AlphaLink,ANK
3544,Dynamic Supply,DST
3545,Litecoin SV,LSV
3546,Electronero,ETNX
3547,Sparkster,SPRK
3548,SaveToken,SAVE
3549,BigdataCash,BDCASH
3550,Pajama.Finance,PJM
3551,CMITCOIN,CMIT
3552,SorachanCoin,SORA
3553,Jointer,JNTR
3554,XCredit,XFYI
3555,BioNTech tokenized stock Bittrex,BNTX
3556,Moozicore,MZG
3557,MACH Project,MACH
3558,Hatch DAO,HATCH
3559,0cash,ZCH
3560,Zuplo,ZLP
3561,Voltz,VOLTZ
3562,SpectreSecurityCoin,XSPC
3563,DogDeFiCoin,DOGDEFI
3564,CelCoin,CELC
3565,Curio Governance,CGT
3566,PeepCoin,PCN
3567,EzyStayz,EZY
3568,TranslateMe Network Token,TMN
3569,Kepler Network,KMW
3570,AI Network,AIN
3571,Secure Cash,SCSX
3572,GIVLY Coin,GIV
3573,DeFi of Thrones,DOTX
3574,Cyber Network Token,CNT
3575,Uranus,URAC
3576,3X Long Tether Gold Token,XAUTBULL
3577,PlusOneCoin,PLUS1
3578,Resistance,RES
3579,Tronipay,TRP
3580,LOOPREX,LOOP
3581,Sudan Gold Coin,SGC
3582,PocketNode,NODE
3583,YEP COIN,YEP
3584,NestEGG Coin,EGG
3585,Foresight,FORS
3586,Litecash,CASH
3587,Colletrix,CIPX
3588,Bitcurate,BTCR
3589,ZAC Finance,ZAC
3590,Enzo,NZO
3591,Schilling-Coin,SCH
3592,SHENG,SHENG
3593,Gric Coin,GC
3594,Dragon Ball,DRAGON
3595,Healing Plus,HP
3596,ORS Group,ORS
3597,Universal Protocol Token,UPT
3598,Ladder Network Token,LAD
3599,BITFXT COIN,BXT
3600,Bintex Futures,BNTX
3601,BitKAM,KAM
3602,502 Bad Gateway Token,Z502
3603,P2P,P2P
3604,Yearn Finance Red Moon,YFRM
3605,HOMT,HOMT
3606,Codex,CDEX
3607,Axia Protocol,AXIA
3608,Pilnette,PVG
3609,VN Token,VN
3610,Fanaticos Cash,FCH
3611,SHIBA INU,SHIB
3612,7Finance,SVN
3613,SoPay,SOP
3614,HondaisCoin,HNDC
3615,Hanacoin,HANA
3616,Unobtanium,UNO
3617,Semitoken,SEMI
3618,FuturoCoin,FTO
3619,DEMOS,DOS
3620,CitiOs,R2R
3621,HelixNetwork,MHLX
3622,AladiEx,ALA
3623,BLOCKCLOUT,CLOUT
3624,Aerotoken,AET
3625,Vision Network,VSN
3626,Wallabee,WLB
3627,Thorium,TORM
3628,Candela Coin,CLA
3629,INRToken,INRT
3630,Azzure,AZZR
3631,FXPay,FXP
3632,HoboNickels,HBN
3633,PayUSD,PUSD
3634,Codeo Token,CODEO
3635,Lyra,LYR
3636,IOV BlockChain,IOV
3637,CryptoWater,C2O
3638,ChainZ Arena,SOUL
3639,Marshal Lion Group Coin,MLGC
3640,Colibri Protocol,CLBR
3641,Newsolution,NST
3642,Lapis Chain,LPS
3643,Kublaicoin,KUB
3644,Bitcoffeen,BFF
3645,ZCore Token,ZCRT
3646,B ONE PAYMENT,B1P
3647,Decentralized Data Assets Management,DDAM
3648,Versess Coin,VERS
3649,ROS Coin,ROS
3650,Harcomia,HCA
3651,BLOCKIDCOIN,BID
3652,Global X Change Token,GXT
3653,DACC2,DACC2
3654,Oracolxor,XOR
3655,Bitcoin True,BTCT
3656,EcoDollar,ECOS
3657,LibreFreelencer,LIBREF
3658,OBIC,OBIC
3659,MYCE,YCE
3660,CRYPTOBUCKS,CBUCKS
3661,Junsonmingchncoin,JMC
3662,Usechain Token,USE
3663,Valuto,VLU
3664,SafePost,STAMP
3665,Ubique Chain Of Things,UCT
3666,SpokLottery,SPKL
3667,DigiDinar Stable Token,DDRST
3668,StockChain,SCC
3669,Touch Social,TST
3670,ORBYT Token,ORBYT
3671,Safari,SFR
3672,PROUD Money,PROUD
3673,QPay,QPY
3674,BEAR Coin,BEAR
3675,RabbitCoin,RBBT
3676,InflationCoin,IFLT
3677,CryptoBossCoin,CBC
3678,Dash Cash,DSC
3679,BTS Coin,BTSC
3680,Axiom,AXIOM
3681,Karatgold Coin,KBC
3682,ClubCoin,CLUB
3683,Francs,FRN
3684,Bubble,BUB
3685,Quotient,XQN
3686,AvatarCoin,AV
3687,Aces,ACES
3688,Mavro,MAVRO
3689,BlazerCoin,BLAZR
3690,Moving Cloud Coin,MCC
3691,XPA,XPA
3692,MSD,MSD
3693,Hyper Pay,HPY
3694,MOAC,MOAC
3695,IDEX Membership,IDXM
3696,JET8,J8T
3697,REPO,REPO
3698,Coni,CONI
3699,Social Lending Token,SLT
3700,Obitan Chain,OBTC
3701,Twinkle,TKT
3702,KNOW,KNOW
3703,KingXChain,KXC
3704,YUKI,YUKI
3705,Centaure,CEN
3706,ABCC Token,AT
3707,GazeCoin,GZE
3708,SaveNode,SNO
3709,MobilinkToken,MOLK
3710,Ondori,RSTR
3711,Commerce Data Connection,CDC
3712,MediBit,MEDIBIT
3713,Bgogo Token,BGG
3714,Baer Chain,BRC
3715,ROMToken,ROM
3716,1SG,1SG
3717,Xtock,XTX
3718,OOOBTC TOKEN,OBX
3719,BIZKEY,BZKY
3720,VENJOCOIN,VJC
3721,Atlas Token,ATLS
3722,One DEX,ODEX
3723,Tratin,TRAT
3724,B91,B91
3725,SPIN Protocol,SPIN
3726,Maya Preferred 223,MAPR
3727,EXOR,EXOR
3728,GLOBEX,GEX
3729,Volume Network,VOL
3730,Xenoverse,XENO
3731,Custody Token,CUST
3732,DeepCloud AI,DEEP
3733,Aitheon,ACU
3734,Ritocoin,RITO
3735,BitcoinSoV,BSOV
3736,Bitscoin,BTCX
3737,Korbot,KBOT
3738,VENA,VENA
3739,LINK,LN
3740,BOSCore,BOS
3741,Sierracoin,SIERRA
3742,Tokenize Xchange,TKX
3743,VERA,VERA
3744,NOVA,NOVA
3745,SOLBIT,SBT
3746,Bitcoin & Company Network,BITN
3747,Bankroll Network,BNKR
3748,NairaX,NIRX
3749,Sesameseed,SEED
3750,HGH Token,HGH
3751,Tradeplus,TDPS
3752,Davion,DAVP
3753,Apple Network,ANK
3754,Coupon Chain,CCT
3755,Global Reserve System,GLOB
3756,1AI Token,1AI
3757,FRED Energy,FRED
3758,AfroDex,AfroX
3759,ExtStock Token,XT
3760,FLEX,FLEX
3761,Kratscoin,KTC
3762,Compound SAI,CSAI
3763,SuperSkynet,SSN
3764,Ethereum eRush,EER
3765,GoalTime N,GTX
3766,ODE,ODE
3767,SappChain,SAPP
3768,Charg Coin,CHG
3769,MyTVchain,MYTV
3770,Swapzilla,SWZL
3771,Entherfound,ETF
3772,Metaprediction,METP
3773,Two Prime FF1 Token,FF1
3774,Becaz,BCZ
3775,ARMTOKEN,TARM
3776,VEHICLE DATA ARTIFICIAL INTELLIGENCE PLATFORM,VAIP
3777,CryptoBet,CBET
3778,UniPower,POWER
3779,Quish Coin,QTV
3780,Golden Ratio Token,GRT
3781,PieDAO BTC++,BTC++
3782,ACE,ACE
3783,IOOX System,IOOX
3784,sADA,SADA
3785,Sumcoin,SUM
3786,AntiscamToken,AST
3787,sDEFI,SDEFI
3788,sXAG,SXAG
3789,Originate Coin,ORC
3790,Decurian,ECU
3791,Unit Protocol,COL
3792,Cybercoin,CBR
3793,Crypto User Base,CUB
3794,CoinZoom,ZOOM
3795,Hey Bitcoin,HYBN
3796,ZOM,ZOM
3797,PowerBalt,PWRB
3798,Kids Cash,KASH
3799,FEX Token,FEX
3800,DigiMax DGMT,DGMT
3801,TOPBTC Token,TOPB
3802,LP-yCurve,YDAI+YUSDC+YUSDT+YTUSD
3803,888tron,888
3804,Chess Coin,CHESS
3805,BTC Network Demand Set II,BYTE
3806,Chad Link Set,CHADLINK
3807,ETH 20 Day MA Crossover Set,ETH20SMACO
3808,ETH 20 Day MA Crossover Yield Set,ETHMACOAPY
3809,ETH 26 EMA Crossover Yield II,ETHEMAAPY
3810,ETH/BTC RSI Ratio Trading Set,ETHBTCRSI
3811,ETH/LINK Price Action Candlestick Set,LINKETHPA
3812,ETH Price Action Candlestick Set,ETHPA
3813,ETH RSI 60/40 Crossover Set,ETHRSI6040
3814,ETH RSI 60/40 Yield Set,ETHRSIAPY
3815,FlexETH/BTC Set,FLEXETHBTC
3816,Intelligent Ratio Set,INTRATIO
3817,LINK/ETH RSI Ratio Trading Set,LINKETHRSI
3818,LINK Profit Taker Set,LINKPT
3819,WhiteRockCasino,WRC
3820,iETH,IETH
3821,sLINK,sLINK
3822,sXAU,SXAU
3823,sXTZ,SXTZ
3824,iBTC (Synthetix),IBTC
3825,sBNB,SBNB
3826,Bityuan,BTY
3827,Diamond Voucher,DVS
3828,3X Short Tether Gold Token,XAUTBEAR
3829,Yield Farming Token,YFT
3830,HL Chain,HL
3831,DApp Evolution,EVO
3832,Dark Energy Crystals,DEC
3833,Play Royal,PLAY
3834,SCC DIGforIT,SCC
3835,Cherry Token,YT
3836,sBTC,sBTC
3837,Digital Rand,DZAR
3838,Distributed Energy Coin,DEC
3839,EasySwap,ESWA
3840,Super Running Coin,SRC
3841,Hemelios,HEM
3842,LoveHearts,LVH
3843,TRONbetDice,DICE
3844,Aludra Network,ALD
3845,Ripple Alpha,XLA
3846,Frens Community,FRENS
3847,MONEY PARTY,PARTY
3848,OWL,OWL
3849,Equus Mining Token,EQMT
3850,Trump Wins Token,TRUMPWIN
3851,WingShop,WING
3852,Sendvibe,SVB
3853,Community Token,COM
3854,Porkchop,CHOP
3855,Camouflage.eth,CAMO
3856,Krosscoin,KSS
3857,Orbicular,ORBI
3858,Newtonium,NEWTON
3859,OC Protocol,OCP
3860,Libera,LIB
3861,Blaze Network,BLZN
3862,Wenburn,WENB
3863,Vision,VSN
3864,Hands of Steel,STEEL
3865,Fee Active Collateral Token,FACT
3866,Popcorn,CORN
3867,Social Finance,SOFI
3868,Walnut.finance,WTF
3869,BLOCKMAX,OCB
3870,YFIBusiness,YFIB
3871,TRONbetLive,LIVE
3872,SSS Finance,SSS
3873,YFA Finance,YFA
3874,The Forms,FRMS
3875,FlashSwap,FSP
3876,Token CashPay,TCP
3877,GOD KIMCHI,gKIMCHI
3878,Enceladus Network,ENCX
3879,"YFIKING,FINANCE",YFIKING
3880,Mafia.Network,MAFI
3881,Maki Finance,MAKI
3882,YEARN2.FINANCE,YFI2
3883,Farm House Finance,FHSE
3884,New Year Bull,NYB
3885,SherLOCK Security,LOCK
3886,OFIN Token,ON
3887,Ymen.Finance,YMEN
3888,Momentum,XMM
3889,Yield Farming Known as Ash,YFKA
3890,Atlantis Token,ATIS
3891,bXIOT,BXIOT
3892,YFarmLand Token,YFARMER
3893,Fame,FAME
3894,Moon YFI,MYFI
3895,YFMoonshot,YFMS
3896,Resoper,RSP
3897,Shill & Win,PoSH
3898,Livenodes Token,LNOT
3899,RI Token,RI
3900,Finswap,FNSP
3901,Digital Currency Daily,DCD
3902,Gire Token,GET
3903,iCherry Finance,ICH
3904,Moon Juice,JUICE
3905,Acuity Token,ACU
3906,Contribute,TRIB
3907,DeFi Firefly,DFF
3908,SwapShip,SWSH
3909,UNII Finance,UNII
3910,YFE Money,YFE
3911,YFET,YFET
3912,ErcauX,RAUX
3913,Smol,SMOL
3914,Bellevue Network,BLV
3915,Novo,NOVO
3916,YeaFinance,YEA
3917,YFOS.finance,YFOS
3918,Crypxie,CPX
3919,Jiviz,JVZ
3920,deCraft Finance,CRAFT
3921,Tavittcoin,TAVITT
3922,Payship,PSHP
3923,Behodler,EYE
3924,Bitfinex Bitcoin Dominance Perps,BTCDOM
3925,Payou Finance,PAYOU
3926,ShareAt,XAT
3927,BananoDOS,yBAN
3928,Spore Finance,SPORE
3929,Naz Coin,NAZ
3930,Lumos,LMS
3931,pxUSD Synthetic USD Expiring 1 April 2021,PXUSD_MAR2021
3932,Bloody Token,BLOODY
3933,Hoo Token,HOO
3934,YYFI.Protocol,YYFI
3935,stakedFIRO,stFIRO
3936,Smpl foundation,SMPL
3937,zLOT Finance,ZLOT
3938,wormhole.finance,WHOLE
3939,Future-Cash Digital,FCD
3940,XFII,XFII
3941,Kanva,KNV
3942,Wish Coin,WIS
3943,KUN,KUN
3944,Light Coin Exchange Token,LCT
3945,Felixo Coin,FLX
3946,HoldToWin,7ADD
3947,STVKE,STV
3948,PiSwap Token,PIS
3949,PoolStake,PSK
3950,WELL,WELL
3951,Elynet,ELYX
3952,Twitter tokenized stock FTX,TWTR
3953,Alpha5,A5T
3954,ARVO,ARVO
3955,Venus USDC,vUSDC
3956,Venus BUSD,vBUSD
3957,Venus XVS,vXVS
3958,Venus ETH,vETH
3959,Venus XRP,vXRP
3960,AC Index,ACX
3961,yplutus,YPLT
3962,Venus BCH,vBCH
3963,Venus DOT,vDOT
3964,Blaze DeFi,BNFI
3965,xETH-G,XETH-G
3966,Orient,OFT
3967,3XT TOKEN,3XT
3968,TokenSwap,TOP
3969,Hype,HYPE
3970,Zipmex,ZMT
3971,Space Dollar,SPAD
3972,Bat True Share,BTS
3973,Venus Filecoin,vFIL
3974,Venus DAI,vDAI
3975,Vaultz,VAULTZ
3976,Dynamic Supply Tracker,DSTR
3977,PegsUSD,PUSD
3978,stakedXEM,STXEM
3979,StakeHound Staked Ether,STETH
